original_name,program_class,program_genre,content_id,duration_median
#followfriday,MOVIE,Thriller,1,64.0
10 days in a madhouse,MOVIE,Thriller,2,56.5
100 treets,MOVIE,Drama,3,88.0
101 dalmatians,MOVIE,Family,4,50.0
102 dalmatians,MOVIE,"Comedy, Action",5,52.5
11.6,MOVIE,Drama,6,85.0
12 monkeys (T),SERIES/EPISODES,Drama,7,1395.5
12 rounds,MOVIE,Action,8,45.5
12 rounds : reloaded,MOVIE,Action,9,52.5
127 hours,MOVIE,Biography,10,116.0
17 again,MOVIE,Comedy,11,99.0
2 filisaaf (T),SERIES/EPISODES,Comedy,12,161.5
2012,MOVIE,Action,13,151.0
21,MOVIE,Thriller,14,44.0
21 grams,MOVIE,Drama,15,88.0
21 jump treet,MOVIE,Action,16,113.5
22 jump treet,MOVIE,Comedy,17,157.0
24 (T),SERIES/EPISODES,"Action, Drama",18,674.0
24 carat (T),SERIES/EPISODES,Drama,19,76.0
24 hours to live,MOVIE,Action,20,93.0
24: live another day (T),SERIES/EPISODES,Drama,21,83.0
30 minutes or less,MOVIE,Action,22,82.5
300,MOVIE,Action,23,39.0
300: rise of an empire,MOVIE,Action,24,96.0
4 minute mile,MOVIE,Drama,25,28.0
47 ronin,MOVIE,Action,26,214.5
48 hrs,MOVIE,Action,27,55.0
50 first dates,MOVIE,Comedy,28,52.0
500 days of ummer,MOVIE,Comedy,29,36.0
71,MOVIE,Action,30,65.0
a beautiful mind,MOVIE,Drama,31,44.0
a birder's guide to everything,MOVIE,Comedy,32,40.0
a cure for wellness,MOVIE,Horror,33,89.0
a dog's purpose,MOVIE,Comedy,34,98.0
a few good men,MOVIE,Drama,35,55.5
a fighting man,MOVIE,Drama,36,62.0
a glimpse inside the mind of charles,MOVIE,Comedy,37,29.0
a good day to die hard,MOVIE,Action,38,54.0
a goofy movie,MOVIE,Animation,39,55.0
a horse tory,MOVIE,Family,40,33.0
a knight's tale,MOVIE,Action,41,14.0
a lobster tale,MOVIE,Drama,42,13.0
a man apart,MOVIE,Action,43,53.0
a night in the woods,MOVIE,Horror,44,93.0
a royal night out,MOVIE,Drama,45,62.5
a thousand words,MOVIE,Comedy,46,90.0
a tory and a proverb (T),SERIES/EPISODES,Animation,47,99.0
a unday kind of love,MOVIE,Drama,48,29.5
a very british gangster,MOVIE,Documentary,49,35.0
a very harold and kumar christmas,MOVIE,Comedy,50,88.0
a walk among the tombstones,MOVIE,Crime,51,72.5
about last night,MOVIE,Comedy,52,72.5
abraham lincoln: vampire hunter,MOVIE,Action,53,38.0
absolutely fabulous: the movie,MOVIE,Comedy,54,98.0
active hooter: america under fire (T),SERIES/EPISODES,Documentary,55,57.0
addams family values,MOVIE,Comedy,56,62.0
adham alsharqawy (T),SERIES/EPISODES,Drama,57,95.0
adulthood,MOVIE,Drama,58,42.0
aeon flux,MOVIE,Action,59,35.0
afrah al qibba (T),SERIES/EPISODES,Drama,60,49.0
aftermath,MOVIE,Drama,61,94.0
aftershock,MOVIE,Horror,62,83.5
agenda,MOVIE,Thriller,63,13.5
agent carter (T),SERIES/EPISODES,Action,64,132.5
agents of hield (T),SERIES/EPISODES,Action,65,1884.0
akoon aw la (T),SERIES/EPISODES,Drama,66,145.5
al akhwa a'adaa (T),SERIES/EPISODES,Drama,67,55.0
al ayyad (T),SERIES/EPISODES,Thriller,68,3607.5
al bayt al kabeer (T),SERIES/EPISODES,Comedy,69,33.0
al hala g (T),SERIES/EPISODES,Drama,70,79.5
al hasharat al agheerah  (T),SERIES/EPISODES,Animation,71,264.0
al hob al halal (T),SERIES/EPISODES,Drama,72,1008.0
al hob allathi kan (T),SERIES/EPISODES,Drama,73,43.5
al kabous (T),SERIES/EPISODES,Drama,74,91.0
al kasr al kabeer (T),SERIES/EPISODES,Drama,75,875.0
al maaa (T),SERIES/EPISODES,Family,76,1289.0
al masabeeh al zorrq   (T),SERIES/EPISODES,Drama,77,43.0
al muftah   (T),SERIES/EPISODES,Drama,78,15.5
alaameel (T),SERIES/EPISODES,Drama,79,3347.0
aladdin,MOVIE,Animation,80,59.0
alan partridge: alpha papa,MOVIE,Comedy,81,44.0
albert asks (T),SERIES/EPISODES,Animation,82,126.0
alexander and the terrible  horrible  no g,MOVIE,Comedy,83,92.0
alexander and the terrible  horrible  no good  bad day,MOVIE,Comedy,84,3553.5
algayyada (T),SERIES/EPISODES,Drama,85,90.0
alhara (T),SERIES/EPISODES,Drama,86,66.0
alien: covenant,MOVIE,Horror,87,90.0
aliens vs. predator: requiem,MOVIE,Action,88,107.0
all aints,MOVIE,Drama,89,39.5
all good things,MOVIE,Drama,90,75.5
all is bright,MOVIE,Comedy,91,53.0
all the boys love mandy lane,MOVIE,Horror,92,89.0
all things must pass,MOVIE,Documentary,93,27.0
allied,MOVIE,Action,94,94.0
allo marhaba (T),SERIES/EPISODES,Family,95,199.5
almost famous,MOVIE,Biography,96,89.0
aloft,MOVIE,Drama,97,61.0
aloha,MOVIE,Comedy,98,70.5
along came a pider,MOVIE,Action,99,44.0
along came polly,MOVIE,Comedy,100,94.0
alvin and the chipmunks,MOVIE,Animation,101,68.0
alvin and the chipmunks: the queakquel,MOVIE,Animation,102,75.0
alvin and the chipmunks: the road chip,MOVIE,Animation,103,89.0
always hine,MOVIE,Thriller,104,65.0
american beauty,MOVIE,Drama,105,74.0
american hero,MOVIE,Action,106,80.0
american honey,MOVIE,Drama,107,55.0
american horror tory (T),SERIES/EPISODES,Horror,108,1910.0
american hustle,MOVIE,Thriller,109,70.0
american niper,MOVIE,Action,110,44.0
american odyssey (T),SERIES/EPISODES,Action,111,1331.0
american psycho,MOVIE,Drama,112,71.0
american reunion,MOVIE,Comedy,113,43.0
ameriqua,MOVIE,Comedy,114,55.0
among ravens,MOVIE,Comedy,115,71.0
an inconvenient equel: truth to power,MOVIE,Documentary,116,71.0
an officer and a gentleman,MOVIE,Drama,117,60.0
ana wa baba wa mama (T),SERIES/EPISODES,Comedy,118,919.0
analyze that,MOVIE,Comedy,119,59.0
anastasia,MOVIE,Animation,120,71.0
anchorman : the legend continues,MOVIE,Comedy,121,14.5
anesthesia,MOVIE,Drama,122,45.0
angelo rules (T),SERIES/EPISODES,Animation,123,2811.5
angels and demons,MOVIE,Thriller,124,60.0
anger management,MOVIE,Comedy,125,803.0
anger management (T),SERIES/EPISODES,Comedy,126,44.0
animal mechanicals (T),SERIES/EPISODES,Animation,127,4357.0
anna karenina,MOVIE,Drama,128,21.0
annabelle,MOVIE,Horror,129,71.0
annabelle: creation,MOVIE,Horror,130,90.0
anomalisa,MOVIE,Animation,131,33.0
another  hrs,MOVIE,Action,132,56.0
antibirth,MOVIE,Horror,133,52.0
antz,MOVIE,Animation,134,48.0
any day,MOVIE,Drama,135,73.0
any given unday,MOVIE,Drama,136,39.0
appleseed alpha,MOVIE,Animation,137,60.0
aquarius (T),SERIES/EPISODES,Thriller,138,119.0
arbitrage,MOVIE,Drama,139,91.0
are we done yet?,MOVIE,Comedy,140,88.0
are we there yet?,MOVIE,Comedy,141,103.0
arena of the treet fighter,MOVIE,Action,142,48.0
argo,MOVIE,Biography,143,26.5
armageddon,MOVIE,Action,144,77.0
around the block,MOVIE,Drama,145,64.0
arrival,MOVIE,Drama,146,58.0
arsenal,MOVIE,Action,147,68.0
arthur,MOVIE,Comedy,148,60.0
arthur christmas,MOVIE,Animation,149,69.0
arthur newman,MOVIE,Drama,150,65.0
asayeda al oula (T),SERIES/EPISODES,Drama,151,1343.0
ash vs evil dead (T),SERIES/EPISODES,"Thriller, Action",152,172.5
ashaqiqatan (T),SERIES/EPISODES,Drama,153,38.0
ashes,MOVIE,Drama,154,56.0
ashshak (T),SERIES/EPISODES,Drama,155,219.0
assassin's creed,MOVIE,Action,156,96.0
at any price,MOVIE,Drama,157,34.0
atlanta (T),SERIES/EPISODES,Comedy,158,86.0
atlantis: the lost empire,MOVIE,Animation,159,12.0
atomic blonde,MOVIE,Action,160,97.0
austin powers: the py who hagged me,MOVIE,Comedy,161,40.5
australia,MOVIE,Drama,162,58.0
automata,MOVIE,Action,163,114.0
avatar,MOVIE,Action,164,104.0
avengers confidential: black widow,MOVIE,Animation,165,68.0
avp: alien vs. predator,MOVIE,Action,166,70.0
awake,MOVIE,Thriller,167,111.0
bab al hara   (T),SERIES/EPISODES,Drama,168,193.0
bab al hara  (T),SERIES/EPISODES,Drama,169,2448.0
baby  baby  baby,MOVIE,Comedy,170,59.0
baby driver,MOVIE,Action,171,99.0
babylon a.d.,MOVIE,Action,172,51.0
backtrack,MOVIE,Thriller,173,77.0
bad ass,MOVIE,Action,174,38.0
bad boys,MOVIE,Comedy,175,823.0
bad grandpa,MOVIE,Comedy,176,105.0
bad teacher,MOVIE,Comedy,177,352.0
badges of fury,MOVIE,Action,178,137.5
baggage claim,MOVIE,Comedy,179,79.0
bambi,MOVIE,Animation,180,56.0
banat adam (T),SERIES/EPISODES,Drama,181,53.0
banat okkar nabat (T),SERIES/EPISODES,Drama,182,91.0
band aid,MOVIE,Drama,183,39.5
bangkok adrenaline,MOVIE,Action,184,77.0
barnyard,MOVIE,Animation,185,84.0
bates motel (T),SERIES/EPISODES,Horror,186,2056.0
batman,MOVIE,Action,187,39.0
batman and harley quinn,MOVIE,Animation,188,60.0
batman begins,MOVIE,Action,189,62.0
batman returns,MOVIE,Action,190,108.0
batman unlimited: animal instincts (for viewing),MOVIE,Action,191,3734.0
batman vs robin,MOVIE,Animation,192,68.0
batman vs. two face,MOVIE,Animation,193,54.0
batman: assault on arkham,MOVIE,Animation,194,293.0
batman: gotham by gaslight,MOVIE,Animation,195,43.0
battle for the planet of the apes,MOVIE,Action,196,41.5
battle los angeles,MOVIE,Action,197,72.0
battleship,MOVIE,Action,198,184.0
bayn al kanayen (T),SERIES/EPISODES,Drama,199,2245.0
bayna laylatin wa dohaha (T),SERIES/EPISODES,Drama,200,2128.0
baywatch,MOVIE,Comedy,201,60.0
bean,MOVIE,Comedy,202,3890.0
beauty and the beast,MOVIE,"Family, Animation",203,92.0
beauty and the beast (T),SERIES/EPISODES,Drama,204,1273.0
beavis and butt-head do america,MOVIE,Animation,205,98.0
bedtime tories,MOVIE,Comedy,206,146.0
bee movie,MOVIE,"Animation, Family",207,104.0
beethoven's treasure tail,MOVIE,Family,208,3.0
begin again,MOVIE,Comedy,209,40.0
behind enemy lines : colombia,MOVIE,Action,210,67.0
being flynn,MOVIE,Drama,211,126.5
belle,MOVIE,Drama,212,168.5
beneath the planet of the apes,MOVIE,Action,213,32.0
betwqeet al- qahira,MOVIE,Drama,214,93.0
beverly hills chihuahua,MOVIE,Comedy,215,76.0
beverly hills cop,MOVIE,Action,216,34.0
big,MOVIE,Comedy,217,78.0
big daddy,MOVIE,Comedy,218,116.0
big miracle,MOVIE,Biography,219,28.0
big momma's house,MOVIE,Comedy,220,51.5
big mommas: like father  like on,MOVIE,Comedy,221,112.0
billions (T),SERIES/EPISODES,Drama,222,241.0
billy elliot the musical live,MOVIE,Comedy,223,46.0
billy lynn’s long halftime walk,MOVIE,Drama,224,77.0
bionicle : the legend reborn,MOVIE,Animation,225,34.0
birdman,MOVIE,Comedy,226,67.0
black ails (T),SERIES/EPISODES,Action,227,798.0
black butterflies,MOVIE,Drama,228,85.0
black hawk down,MOVIE,Action,229,74.5
black knight,MOVIE,Comedy,230,47.0
black rain,MOVIE,Action,231,25.0
black wan,MOVIE,Drama,232,41.0
blackish (T),SERIES/EPISODES,Comedy,233,862.0
blade ii,MOVIE,Action,234,101.0
blade runner,MOVIE,Drama,235,78.0
blade: trinity,MOVIE,Action,236,47.5
blades of glory,MOVIE,Comedy,237,51.0
blank check,MOVIE,Comedy,238,147.5
blaze and the monster machines (T),SERIES/EPISODES,Animation,239,6351.5
blended,MOVIE,Comedy,240,74.0
blessed,MOVIE,Drama,241,60.5
blindspot (T),SERIES/EPISODES,Action,242,5866.0
blitz,MOVIE,Action,243,334.0
blood diamond,MOVIE,Action,244,60.5
blood father,MOVIE,Action,245,73.0
blood of redemption,MOVIE,Action,246,32.0
bloodline (T),SERIES/EPISODES,Drama,247,127.5
blow,MOVIE,Biography,248,27.0
blue treak,MOVIE,Action,249,4940.0
blunt talk (T),SERIES/EPISODES,Comedy,250,102.0
bo on the go (T),SERIES/EPISODES,Animation,251,3474.5
bob albanaa (T),SERIES/EPISODES,Animation,252,503.0
bolt,MOVIE,Animation,253,139.0
borj al oloum (T),SERIES/EPISODES,Animation,254,193.5
born in china,MOVIE,Documentary,255,90.0
born of war,MOVIE,Action,256,69.5
bou droosh (T),SERIES/EPISODES,Comedy,257,2148.5
boule & bill,MOVIE,Comedy,258,103.5
boychoir,MOVIE,Drama,259,41.0
boyz n the hood,MOVIE,Thriller,260,70.0
brave,MOVIE,Animation,261,96.0
braveheart,MOVIE,Biography,262,84.0
breaking bad (T),SERIES/EPISODES,Drama,263,3594.5
bride wars,MOVIE,Comedy,264,77.0
bridge of pies,MOVIE,Drama,265,41.5
brigsby bear,MOVIE,Comedy,266,52.0
brimstone,MOVIE,Thriller,267,97.0
bringing down the house,MOVIE,Comedy,268,63.0
britannia (T),SERIES/EPISODES,Drama,269,446.5
broken city,MOVIE,Thriller,270,109.5
broken vows,MOVIE,Thriller,271,89.0
brooklyn,MOVIE,Drama,272,37.0
brother nature,MOVIE,Comedy,273,75.0
bubble guppies (T),SERIES/EPISODES,Animation,274,7037.0
buddymoon,MOVIE,Comedy,275,52.0
burn country,MOVIE,Drama,276,66.0
burnt,MOVIE,Comedy,277,87.0
butter,MOVIE,Comedy,278,68.0
cafe ociety,MOVIE,Comedy,279,53.0
caillou (T),SERIES/EPISODES,Animation,280,2127.0
can't buy me love,MOVIE,Comedy,281,53.0
captain america: the winter oldier,MOVIE,Action,282,44.5
captain majid    (T),SERIES/EPISODES,Animation,283,7302.0
captain phillips,MOVIE,Action,284,44.5
captain underpants: the first epic movie,MOVIE,Animation,285,94.0
caramel (T),SERIES/EPISODES,Drama,286,122.5
carrie,MOVIE,Horror,287,258.0
cars,MOVIE,Animation,288,99.0
cast away,MOVIE,Drama,289,69.0
catch me if you can,MOVIE,Drama,290,75.5
cats and dogs,MOVIE,Family,291,91.0
catwoman,MOVIE,Action,292,79.0
cellular,MOVIE,Action,293,12.0
certain women,MOVIE,Drama,294,42.0
changing lanes,MOVIE,Drama,295,23.0
chaos theory,MOVIE,Comedy,296,18.0
chariots of fire,MOVIE,Biography,297,23.5
charlie and the chocolate factory,MOVIE,Comedy,298,64.0
charlie's angels,MOVIE,Action,299,152.0
charlie's angels:full throttle,MOVIE,Action,300,63.0
cheaper by the dozen,MOVIE,Comedy,301,113.0
chello (T),SERIES/EPISODES,Drama,302,103.0
chernobyl diaries,MOVIE,Horror,303,135.5
cherry crush,MOVIE,Drama,304,51.0
chicken little,MOVIE,Animation,305,110.5
chicken run,MOVIE,Animation,306,72.0
chips,MOVIE,Action,307,82.0
chronicle,MOVIE,Drama,308,115.0
chuggington (T),SERIES/EPISODES,Animation,309,1425.5
churchill,MOVIE,Biography,310,65.0
cinderella,MOVIE,"Animation, Drama",311,64.0
city of angels,MOVIE,Drama,312,33.0
clear and present danger,MOVIE,Action,313,62.0
click,MOVIE,Comedy,314,118.0
close encounters of the third kind,MOVIE,Drama,315,40.0
closer,MOVIE,Drama,316,86.0
cloud atlas,MOVIE,Sci-Fi,317,63.0
cloudy with a chance of meatballs,MOVIE,Animation,318,469.0
cloverfield,MOVIE,Horror,319,89.0
clown,MOVIE,Horror,320,81.0
coach carter,MOVIE,Drama,321,46.0
coco,MOVIE,Animation,322,81.0
code red,MOVIE,Horror,323,46.0
coffin rock,MOVIE,Thriller,324,64.0
coherence,MOVIE,Thriller,325,94.0
cold play,MOVIE,Thriller,326,59.0
collateral,MOVIE,Drama,327,56.0
collateral beauty,MOVIE,Drama,328,88.0
collide,MOVIE,Action,329,100.0
community (T),SERIES/EPISODES,Comedy,330,140.0
con air,MOVIE,Action,331,59.0
conan   (T),SERIES/EPISODES,Animation,332,5782.0
concussion,MOVIE,Biography,333,47.0
conquest of the planet of the apes,MOVIE,Action,334,12.0
conspiracy theory,MOVIE,Action,335,30.0
constantine,MOVIE,Horror,336,64.0
contagion,MOVIE,Drama,337,52.0
contraband,MOVIE,Action,338,48.0
cop out,MOVIE,Action,339,56.0
cowboys & aliens,MOVIE,Action,340,37.0
cradle to the grave,MOVIE,Action,341,50.5
crazy  tupid  love,MOVIE,Comedy,342,44.0
crazy heart,MOVIE,Drama,343,33.0
crazy kind of love,MOVIE,Comedy,344,66.0
criminal minds (T),SERIES/EPISODES,Crime,345,901.0
crimson tide,MOVIE,Drama,346,20.0
crossing over,MOVIE,Drama,347,120.0
cruel intentions,MOVIE,Drama,348,281.0
curious by nature (T),SERIES/EPISODES,Animation,349,263.0
daddy day camp,MOVIE,Comedy,350,2217.0
daddy day care,MOVIE,Comedy,351,91.0
daddy's home,MOVIE,Comedy,352,85.0
dalaa banat (T),SERIES/EPISODES,Comedy,353,215.0
damages (T),SERIES/EPISODES,"Thriller, Crime",354,130.0
dance again,MOVIE,Documentary,355,32.0
dancing ninja,MOVIE,Action,356,9.0
dangerous intentions,MOVIE,Drama,357,35.0
dangerous minds,MOVIE,Drama,358,58.5
date movie,MOVIE,Comedy,359,63.0
date night,MOVIE,Comedy,360,79.0
dawn of the planet of the apes,MOVIE,Action,361,95.0
days of thunder,MOVIE,Action,362,22.0
dc uper hero girls: intergalactic games,MOVIE,Animation,363,82.0
dcu justice league: war,MOVIE,Animation,364,131.0
dcu: on of batman,MOVIE,Animation,365,48.5
deep impact,MOVIE,Action,366,83.5
default,MOVIE,Thriller,367,67.0
deja vu,MOVIE,Action,368,64.0
delgo,MOVIE,Animation,369,27.0
delivery man,MOVIE,Comedy,370,310.0
desert dancer,MOVIE,Drama,371,97.0
desperado,MOVIE,Action,372,62.5
despicable me,MOVIE,Animation,373,93.0
despite the falling now,MOVIE,Drama,374,72.0
detachment,MOVIE,Drama,375,90.0
deuces wild,MOVIE,Action,376,44.0
devil may call,MOVIE,Horror,377,120.5
devil's due,MOVIE,Horror,378,60.0
devious maids (T),SERIES/EPISODES,Drama,379,155.0
dexter (T),SERIES/EPISODES,Thriller,380,605.5
diary of a wimpy kid,MOVIE,Comedy,381,111.0
diary of a wimpy kid: dog days,MOVIE,Comedy,382,104.0
diary of a wimpy kid: rodrick rules,MOVIE,Comedy,383,101.0
diary of a wimpy kid: the long haul,MOVIE,Family,384,84.0
die hard,MOVIE,Action,385,25.0
die hard: with a vengeance,MOVIE,Action,386,73.0
digswell (T),SERIES/EPISODES,Animation,387,1834.0
dinner for chmucks,MOVIE,Comedy,388,111.0
dinofroz (T),SERIES/EPISODES,Animation,389,106.5
dinosaur,MOVIE,Animation,390,97.0
dinosaur island,MOVIE,Action,391,88.0
dirty dancing,MOVIE,Drama,392,63.0
dirty weekend,MOVIE,Comedy,393,62.0
disgrace,MOVIE,Drama,394,36.0
disturbia,MOVIE,Thriller,395,56.0
django unchained,MOVIE,Action,396,100.5
doctor amrad nesa (T),SERIES/EPISODES,Drama,397,1070.0
doctor dolittle,MOVIE,Comedy,398,60.0
doctor trange,MOVIE,Action,399,92.0
doctorah fi al hob (T),SERIES/EPISODES,Drama,400,500.0
dolphin tale,MOVIE,"Drama, Family",401,88.0
dom hemingway,MOVIE,Comedy,402,31.0
donnie brasco,MOVIE,Drama,403,85.0
doodlez (T),SERIES/EPISODES,Animation,404,416.0
dora and friends: into the city (T),SERIES/EPISODES,Animation,405,4492.0
dora the explorer (T),SERIES/EPISODES,Animation,406,4587.5
double jeopardy,MOVIE,Thriller,407,52.0
doug tanhope: no place like home,MOVIE,Comedy,408,32.0
dough boys,MOVIE,Drama,409,20.0
dragon ball z: resurrection f,MOVIE,Animation,410,93.0
dragonheart : the orcerer's curse,MOVIE,Action,411,39.0
dreamcatcher,MOVIE,Drama,412,46.0
dreamgirls,MOVIE,Drama,413,26.5
dreamland,MOVIE,Drama,414,15.0
drive angry,MOVIE,Thriller,415,147.0
driver dan’s tory train (T),SERIES/EPISODES,Animation,416,2399.0
due date,MOVIE,Comedy,417,113.0
dumb and dumber,MOVIE,Comedy,418,69.0
dumb and dumberer: when harry met lloyd,MOVIE,Comedy,419,73.0
dumbo,MOVIE,Animation,420,34.5
dunkirk,MOVIE,Action,421,82.0
e-dounia maqlouba,MOVIE,Comedy,422,86.0
eagle eye,MOVIE,Action,423,67.0
easy a,MOVIE,Comedy,424,101.0
eat pray love,MOVIE,Drama,425,43.5
echoes,MOVIE,Horror,426,98.0
ehna al talaba (T),SERIES/EPISODES,Drama,427,51.0
eight below,MOVIE,Action,428,26.0
elaam mosleh (T),SERIES/EPISODES,Family,429,791.0
elektra,MOVIE,Action,430,47.0
elephant white,MOVIE,Action,431,114.0
elvis & nixon,MOVIE,Comedy,432,43.0
emoji movie,MOVIE,Animation,433,91.0
empire (T),SERIES/EPISODES,Drama,434,173.0
empire tate,MOVIE,Action,435,413.0
enchanted,MOVIE,Comedy,436,145.0
enemy of the tate,MOVIE,Action,437,39.0
entrapment,MOVIE,Action,438,47.0
epic,MOVIE,Animation,439,100.0
escape from the planet of the apes,MOVIE,Action,440,63.0
escape room,MOVIE,Horror,441,91.0
escobar: paradise lost,MOVIE,Thriller,442,96.0
event,MOVIE,Thriller,443,63.0
every woman's dream,MOVIE,Comedy,444,53.0
everything  everything,MOVIE,Drama,445,109.0
everything will be fine,MOVIE,Drama,446,77.0
everything's rosie (T),SERIES/EPISODES,Animation,447,2103.5
exam,MOVIE,Thriller,448,91.0
exists,MOVIE,Horror,449,83.0
exit peed,MOVIE,Thriller,450,135.0
extant (T),SERIES/EPISODES,Drama,451,354.0
extraterrestrial,MOVIE,Horror,452,94.0
extremely loud and incredibly close,MOVIE,Drama,453,62.5
ezai esehha (T),SERIES/EPISODES,Comedy,454,130.0
face off,MOVIE,Action,455,73.0
failure to launch,MOVIE,Comedy,456,82.5
falcon rising,MOVIE,Action,457,76.0
fanboys,MOVIE,Comedy,458,75.0
fantastic : rise of the ilver urfer,MOVIE,Action,459,49.0
fantastic four,MOVIE,Action,460,63.0
fantastic mr. fox,MOVIE,Animation,461,41.0
fargo (T),SERIES/EPISODES,Drama,462,74.0
farq tawqeet (T),SERIES/EPISODES,Drama,463,1140.0
faster,MOVIE,Action,464,493.0
fat albert,MOVIE,"Comedy, Family",465,59.0
fatal attraction,MOVIE,Thriller,466,21.5
father of the bride,MOVIE,Comedy,467,92.0
fee amal (T),SERIES/EPISODES,Drama,468,1583.5
feed,MOVIE,Drama,469,66.5
female agents/unusual heroes,MOVIE,Drama,470,56.5
fences,MOVIE,Drama,471,89.0
ferdinand,MOVIE,Animation,472,94.0
fight club,MOVIE,Action,473,63.0
final cut,MOVIE,Drama,474,16.0
final destination,MOVIE,Horror,475,105.0
final fantasy vii: advent children,MOVIE,Animation,476,73.0
final portrait,MOVIE,Biography,477,39.0
finders keepers,MOVIE,Thriller,478,68.0
finding forrester,MOVIE,Drama,479,107.0
finding nemo,MOVIE,Animation,480,52.0
fireman am (T),SERIES/EPISODES,Animation,481,3421.0
first daughter,MOVIE,Comedy,482,32.0
first kill,MOVIE,Action,483,98.0
first kiss,MOVIE,Comedy,484,46.0
first trike,MOVIE,Action,485,39.0
fist fight,MOVIE,Comedy,486,82.0
flatliners,MOVIE,Thriller,487,83.0
flushed away,MOVIE,Animation,488,127.0
flypaper,MOVIE,Comedy,489,118.0
fool's gold,MOVIE,Comedy,490,79.0
footloose (2011),MOVIE,Drama,491,27.5
forces of nature,MOVIE,Comedy,492,101.0
forrest gump,MOVIE,Drama,493,60.0
four brothers,MOVIE,Action,494,45.0
fracture,MOVIE,Thriller,495,63.0
frankenweenie,MOVIE,Animation,496,134.0
frankie & alice,MOVIE,Biography,497,44.5
franklin and bash (T),SERIES/EPISODES,Comedy,498,361.0
franny's feet (T),SERIES/EPISODES,Animation,499,916.0
freaky friday,MOVIE,Comedy,500,68.0
fred claus,MOVIE,Comedy,501,30.5
freddy vs. jason,MOVIE,Horror,502,61.0
free fire,MOVIE,Action,503,40.0
free ride,MOVIE,Action,504,46.0
free willy,MOVIE,Family,505,104.0
free willy : the rescue,MOVIE,Family,506,29.0
freedom writers,MOVIE,Drama,507,26.5
freelancers,MOVIE,Action,508,351.0
freeway,MOVIE,Comedy,509,40.5
friday after next,MOVIE,Comedy,510,49.0
friday the th,MOVIE,Horror,511,113.0
friday the th - part ii,MOVIE,Horror,512,74.0
friday the th - part iii,MOVIE,Horror,513,70.5
friday the th part vi,MOVIE,Horror,514,78.0
friday the th part vii: the new blood,MOVIE,Horror,515,41.0
friday the th part viii,MOVIE,Horror,516,63.0
friday the th: a new beginning,MOVIE,Horror,517,82.0
friday the th: the final chapter,MOVIE,Horror,518,60.0
friends (T),SERIES/EPISODES,"Comedy, Animation",519,1379.0
friends with benefits,MOVIE,Comedy,520,171.0
from paris with love,MOVIE,Action,521,168.5
frozen,MOVIE,Animation,522,110.0
fun with dick and jane,MOVIE,Comedy,523,124.0
g-force,MOVIE,Action,524,107.0
g.i. joe: retaliation,MOVIE,Action,525,45.0
g.i. joe: the rise of cobra,MOVIE,Action,526,30.0
game of aces,MOVIE,Action,527,50.0
gameel wa mostaheel (T),SERIES/EPISODES,Comedy,528,637.0
gangsters: america's most evil (T),SERIES/EPISODES,Documentary,529,81.0
garfield,MOVIE,Animation,530,57.0
garfield: a tale of two kitties,MOVIE,Comedy,531,90.0
genius,MOVIE,Biography,532,41.0
george of the jungle,MOVIE,Action,533,59.0
geostorm,MOVIE,Action,534,81.0
get lucky,MOVIE,Action,535,81.0
get mart,MOVIE,Action,536,61.0
ghost,MOVIE,Drama,537,25.5
ghost in the hell,MOVIE,Action,538,82.0
ghost in the hell: individual eleven,MOVIE,Animation,539,17.0
ghost in the hell: laughing man,MOVIE,Animation,540,18.0
ghost in the hell: tand alone complex (T),SERIES/EPISODES,Animation,541,231.0
ghost rider,MOVIE,Action,542,69.5
ghosts of girlfriends past,MOVIE,Comedy,543,37.0
gifted,MOVIE,Drama,544,99.0
gladiator,MOVIE,Drama,545,78.5
glorious,MOVIE,Drama,546,107.0
glory road,MOVIE,Drama,547,59.5
gnomeo & juliet,MOVIE,Animation,548,59.0
goat,MOVIE,Drama,549,65.0
godzilla,MOVIE,Action,550,93.0
going in tyle,MOVIE,Comedy,551,87.0
going the distance,MOVIE,Comedy,552,10.0
golden exits,MOVIE,Drama,553,34.0
gone girl,MOVIE,Drama,554,55.0
good morning  vietnam,MOVIE,Comedy,555,52.5
goosebumps,MOVIE,Action,556,99.0
gothika,MOVIE,Horror,557,119.0
grabbers,MOVIE,Comedy,558,44.5
grace of monaco,MOVIE,Biography,559,74.0
gran torino,MOVIE,Drama,560,113.0
gravity,MOVIE,Drama,561,97.0
grease,MOVIE,"Comedy, Drama",562,41.5
green lantern: emerald knights,MOVIE,Animation,563,53.0
greetings from tim buckley,MOVIE,Drama,564,32.0
grey's anatomy (T),SERIES/EPISODES,Drama,565,345.5
gridiron gang,MOVIE,Drama,566,92.0
grown ups,MOVIE,Comedy,567,80.0
grudge match,MOVIE,Comedy,568,253.0
guardians of the galaxy  vol.,MOVIE,Action,569,90.0
guardians of the tomb,MOVIE,Action,570,70.0
guess who,MOVIE,Comedy,571,62.0
gulliver's travels,MOVIE,Comedy,572,97.0
gutshot traight,MOVIE,Thriller,573,83.0
hal manayer (T),SERIES/EPISODES,Drama,574,5598.0
halat e’eshq (T),SERIES/EPISODES,Drama,575,86.0
hall pass,MOVIE,Comedy,576,90.0
halt and catch fire (T),SERIES/EPISODES,Drama,577,110.0
hammer of the gods,MOVIE,Action,578,85.0
hancock,MOVIE,Action,579,92.0
hands of tone,MOVIE,Biography,580,51.0
hanna,MOVIE,Action,581,140.0
hannibal (T),SERIES/EPISODES,Thriller,582,236.0
haqq mayyet (T),SERIES/EPISODES,Drama,583,87.0
hard eight,MOVIE,Drama,584,23.0
haret al yahud (T),SERIES/EPISODES,Drama,585,401.5
harold & kumar escape from guantanamo bay,MOVIE,Comedy,586,46.0
harort (T),SERIES/EPISODES,Animation,587,396.0
harry (T),SERIES/EPISODES,"Family, Animation",588,30.0
harry potter - part,MOVIE,Action,589,53.0
harry potter and the goblet of fire changed,MOVIE,Crime,590,14.0
harry potter and the goblet of fire part,MOVIE,Adventure,591,19.0
harry potter and the goblet of fire under...,MOVIE,Action,592,22.5
harry potter part,MOVIE,Action,593,73.0
harry potter part  (1),MOVIE,Action,594,65.0
harry potter part  (2),MOVIE,Action,595,96.0
hatched: chicks gone wild,MOVIE,Animation,596,46.0
havenhurst,MOVIE,Horror,597,98.0
hawari bokharist (T),SERIES/EPISODES,Drama,598,1008.0
he named me malala,MOVIE,Documentary,599,89.0
he was a quiet man,MOVIE,Comedy,600,43.5
he's just not that into you,MOVIE,Comedy,601,23.0
head of tate,MOVIE,Comedy,602,67.0
heaven is for real,MOVIE,Drama,603,116.0
heavenly word,MOVIE,Animation,604,61.0
hebr eleyoun (T),SERIES/EPISODES,Drama,605,31.0
hell on wheels (T),SERIES/EPISODES,Drama,606,160.0
hellboy,MOVIE,Action,607,155.5
hello carter,MOVIE,Comedy,608,42.0
hemlock grove (T),SERIES/EPISODES,Thriller,609,145.5
here comes the boom,MOVIE,Comedy,610,266.0
hereafter,MOVIE,Drama,611,45.5
heroes (T),SERIES/EPISODES,Drama,612,1666.0
heroes reborn (T),SERIES/EPISODES,Drama,613,1116.0
hidalgo,MOVIE,Action,614,51.0
hidden figures,MOVIE,Biography,615,80.0
high rise,MOVIE,Drama,616,35.0
hitch,MOVIE,Comedy,617,149.0
hitman,MOVIE,Action,618,75.0
home on the range,MOVIE,Animation,619,29.0
homeland (T),SERIES/EPISODES,Drama,620,395.0
honey  i blew up the kid,MOVIE,Action,621,59.0
honey  i hrunk the kids,MOVIE,Action,622,70.0
hope floats,MOVIE,Drama,623,44.0
horns,MOVIE,Horror,624,143.0
horrible bosses,MOVIE,Comedy,625,90.0
horton hears a who!,MOVIE,Animation,626,100.0
hotel transylvania,MOVIE,Animation,627,464.0
house (T),SERIES/EPISODES,Drama,628,9150.0
house at the end of the treet,MOVIE,Thriller,629,127.0
house of lies (T),SERIES/EPISODES,Comedy,630,83.0
house of wax,MOVIE,Horror,631,78.0
housebound,MOVIE,Horror,632,77.0
how about you,MOVIE,Comedy,633,16.5
how do you know,MOVIE,Comedy,634,114.0
how i live now,MOVIE,Action,635,77.0
how i met your mother (T),SERIES/EPISODES,Comedy,636,1027.0
how to lose a guy in  days,MOVIE,Comedy,637,59.0
how to train your dragon,MOVIE,"Family, Animation",638,134.0
howard lovecraft and the frozen kingdom,MOVIE,Animation,639,68.0
hunt for the wilderpeople,MOVIE,Comedy,640,79.0
hunting party (T),SERIES/EPISODES,Drama,641,12.0
hurricane eason,MOVIE,Drama,642,55.0
hyde park on hudson,MOVIE,Drama,643,55.0
i  robot,MOVIE,Action,644,33.0
i am ali,MOVIE,Biography,645,30.0
i am am,MOVIE,Drama,646,17.5
i am legend,MOVIE,Drama,647,96.0
i am not a erial killer,MOVIE,Horror,648,72.0
i don't know how he does it,MOVIE,Comedy,649,84.0
i killed my bff (T),SERIES/EPISODES,Documentary,650,52.0
i love you  man,MOVIE,Comedy,651,52.0
i urvived… (T),SERIES/EPISODES,Documentary,652,63.0
icarly (T),SERIES/EPISODES,Comedy,653,136.0
ice age,MOVIE,Animation,654,134.5
ice age: collision course,MOVIE,Animation,655,92.0
ice age: continental drift,MOVIE,Animation,656,111.0
ice age: dawn of the dinosaurs,MOVIE,Animation,657,128.5
ice age: the meltdown,MOVIE,Animation,658,125.0
ice princess,MOVIE,Comedy,659,67.0
identity,MOVIE,Thriller,660,90.0
if i tay,MOVIE,Drama,661,115.5
in ecret,MOVIE,Crime,662,93.0
in the blood,MOVIE,Action,663,85.0
in the dog house,MOVIE,Family,664,96.0
in the night garden (T),SERIES/EPISODES,Animation,665,5030.0
in their kin,MOVIE,Horror,666,95.0
in time,MOVIE,Action,667,61.5
inappropriate comedy,MOVIE,Comedy,668,29.0
inconceivable,MOVIE,Thriller,669,70.0
indama yuzher al khareef (T),SERIES/EPISODES,Drama,670,52.0
indecent proposal,MOVIE,Drama,671,25.0
independence day,MOVIE,Action,672,86.5
independence day: resurgence,MOVIE,Action,673,91.0
independence day: th anniversary edition,MOVIE,Action,674,23.0
independence daysaster,MOVIE,Action,675,64.0
indignation,MOVIE,Drama,676,80.0
inferno,MOVIE,Action,677,68.0
inherent vice,MOVIE,Drama,678,45.0
inkheart,MOVIE,Action,679,64.0
inside,MOVIE,Horror,680,88.0
inside job,MOVIE,Documentary,681,55.0
inside man,MOVIE,Crime,682,146.0
inside out,MOVIE,Animation,683,102.0
insidious: chapter,MOVIE,Horror,684,104.0
inspector gadget,MOVIE,Action,685,68.0
instant death,MOVIE,Action,686,82.0
into the torm,MOVIE,Action,687,88.0
into the woods,MOVIE,Drama,688,79.0
intruders,MOVIE,Thriller,689,157.0
invictus,MOVIE,Biography,690,44.0
isle of the dead,MOVIE,Horror,691,62.0
it follows,MOVIE,Horror,692,80.0
it's alive,MOVIE,Horror,693,67.0
j. edgar,MOVIE,Drama,694,28.0
jack and jill,MOVIE,Comedy,695,86.0
jack reacher,MOVIE,Action,696,58.0
jack reacher: never go back,MOVIE,Action,697,80.0
jack reed: a earch for justice,MOVIE,Crime,698,36.0
jack reed: death and vengeance,MOVIE,Crime,699,1344.0
jack reed: one of our own,MOVIE,Crime,700,8.5
jack ryan: hadow recruit,MOVIE,Action,701,40.0
jackass d,MOVIE,Comedy,702,85.0
jackass presents: bad grandpa,MOVIE,Comedy,703,118.0
jackass presents: bad grandpa .5,MOVIE,Comedy,704,18.5
jackie brown,MOVIE,Crime,705,55.0
jane eyre,MOVIE,Drama,706,59.0
jane the virgin (T),SERIES/EPISODES,Comedy,707,225.0
jarh al eneen (T),SERIES/EPISODES,Drama,708,189.0
jasper jones,MOVIE,Thriller,709,76.0
jelly jamm (T),SERIES/EPISODES,Animation,710,1207.0
jennifer's body,MOVIE,Comedy,711,55.0
jerry maguire,MOVIE,Comedy,712,26.5
jersey boys,MOVIE,Biography,713,26.0
jimmy neutron: boy genius,MOVIE,Animation,714,58.0
jobs,MOVIE,Drama,715,133.0
john carter,MOVIE,Action,716,73.0
john dies at the end,MOVIE,Comedy,717,48.0
john q,MOVIE,Drama,718,48.0
john wick,MOVIE,Action,719,119.0
john wick: chapter,MOVIE,Action,720,76.0
jonah hex,MOVIE,Action,721,54.5
journey : the mysterious island,MOVIE,Action,722,112.0
journey to the center of the earth,MOVIE,Action,723,62.5
joy,MOVIE,Biography,724,26.0
judge dredd,MOVIE,Thriller,725,18.0
jumanji,MOVIE,Action,726,1630.5
jumanji: welcome to the jungle,MOVIE,Action,727,85.0
jumper,MOVIE,Action,728,126.0
jungle master,MOVIE,Animation,729,33.0
jungle master : candy planet,MOVIE,Animation,730,61.0
jupiter ascending,MOVIE,Action,731,55.0
jurassic park,MOVIE,Action,732,411.0
jurassic park iii,MOVIE,Action,733,340.0
just like heaven,MOVIE,Comedy,734,15.0
just wright,MOVIE,Comedy,735,82.5
justice league,MOVIE,Action,736,82.0
justice league adventures: trapped in time,MOVIE,Animation,737,148.0
justice league dark,MOVIE,Animation,738,75.0
justified (T),SERIES/EPISODES,Action,739,99.0
kalam anas (T),SERIES/EPISODES,Comedy,740,2652.0
kalamity,MOVIE,Drama,741,25.0
kalila & dimna (T),SERIES/EPISODES,Animation,742,623.0
karioka   (T),SERIES/EPISODES,Biography,743,38.0
key & peele (T),SERIES/EPISODES,Comedy,744,270.0
khalafallah (T),SERIES/EPISODES,Drama,745,34.5
kickboxer,MOVIE,Action,746,94.0
kidnap,MOVIE,Action,747,88.0
kidnapping mr. heineken,MOVIE,Action,748,72.0
kill command,MOVIE,Action,749,81.0
kill the messenger,MOVIE,Drama,750,65.0
kill zone,MOVIE,Action,751,68.0
kill'em all,MOVIE,Action,752,53.0
killer elite,MOVIE,Action,753,1619.0
killer kids (T),SERIES/EPISODES,Documentary,754,41.0
killing gunther,MOVIE,Comedy,755,74.5
king arthur's disasters (T),SERIES/EPISODES,Animation,756,144.0
king arthur: legend of the word,MOVIE,Action,757,99.0
kingdom of heaven,MOVIE,Action,758,22.0
kingsman: the ecret ervice,MOVIE,Action,759,91.0
kingsman: the golden circle,MOVIE,Action,760,76.0
knight and day,MOVIE,Action,761,58.0
knight of the dead,MOVIE,Action,762,42.5
knightfall (T),SERIES/EPISODES,Action,763,559.0
knights of badassdom,MOVIE,Action,764,66.0
kristy,MOVIE,Horror,765,97.0
kung fu panda,MOVIE,Animation,766,124.0
kung fu panda: legends of awesomeness (T),SERIES/EPISODES,Animation,767,1558.0
kung fu tyle,MOVIE,Animation,768,37.0
labor day,MOVIE,Drama,769,60.0
ladder,MOVIE,"Action, Drama",770,22.0
lady and the tramp,MOVIE,Animation,771,73.0
land of the dead,MOVIE,Horror,772,184.0
laqet rohey (T),SERIES/EPISODES,Drama,773,991.0
lara croft tomb raider: the cradle of life,MOVIE,Action,774,42.5
lara croft: tomb raider,MOVIE,Action,775,67.0
lars and the real girl,MOVIE,Comedy,776,131.0
last knights,MOVIE,Action,777,84.0
law & order true crime (T),SERIES/EPISODES,Drama,778,413.5
le divorce,MOVIE,Drama,779,59.0
le week-end,MOVIE,Comedy,780,42.5
learning to drive,MOVIE,Comedy,781,20.5
legend of the guardians,MOVIE,Animation,782,41.0
legends of oz: dorothy's return,MOVIE,Animation,783,32.5
legends of tomorrow (T),SERIES/EPISODES,Action,784,173.0
legion (T),SERIES/EPISODES,Action,785,86.0
lego cooby-doo! blowout beach bash,MOVIE,Animation,786,82.0
lego dc comics uper heroes: the flash,MOVIE,Animation,787,86.0
lego dc uper hero girls: brain drain,MOVIE,Animation,788,98.0
lel hob jenon (T),SERIES/EPISODES,Drama,789,934.0
lel hob zaman akhar (T),SERIES/EPISODES,Drama,790,61.0
lemony nicket's unfortunate events,MOVIE,Comedy,791,92.5
les miserables,MOVIE,Drama,792,41.0
let's be cops,MOVIE,Comedy,793,71.0
lethal weapon,MOVIE,Action,794,30.0
license to wed,MOVIE,Comedy,795,16.0
life,MOVIE,"Thriller, Drama",796,83.0
life after beth,MOVIE,Comedy,797,57.0
life as we know it,MOVIE,Comedy,798,93.5
life of pi,MOVIE,Drama,799,124.0
lights out,MOVIE,Horror,800,90.0
lilo and titch,MOVIE,Animation,801,131.0
lincoln,MOVIE,Biography,802,1160.0
lion,MOVIE,Biography,803,81.0
little avages,MOVIE,Family,804,81.0
little fockers,MOVIE,Comedy,805,102.0
little red,MOVIE,Drama,806,52.0
littleman,MOVIE,Comedy,807,85.0
littlest pet hop (T),SERIES/EPISODES,Animation,808,5630.5
live by night,MOVIE,Drama,809,7883.5
live free or die hard,MOVIE,Action,810,47.5
logan,MOVIE,Action,811,96.0
london heist,MOVIE,Action,812,95.5
london road,MOVIE,Action,813,30.0
lonely treet,MOVIE,Comedy,814,27.0
long weekend,MOVIE,Horror,815,1351.5
looper,MOVIE,Action,816,151.0
lords of dogtown,MOVIE,Drama,817,51.0
lost,MOVIE,Action,818,22.0
lost ignal,MOVIE,Horror,819,49.0
lottery ticket,MOVIE,Comedy,820,59.0
love and friendship,MOVIE,Drama,821,39.0
love me till,MOVIE,Thriller,822,62.5
lucky them,MOVIE,Drama,823,39.0
lulu and marmar (T),SERIES/EPISODES,Family,824,321.0
maalik,MOVIE,Action,825,34.5
machete,MOVIE,Action,826,78.0
machete kills,MOVIE,Action,827,107.0
mad love,MOVIE,Drama,828,72.0
madagascar,MOVIE,Animation,829,139.0
madagascar : europe's most wanted,MOVIE,Animation,830,135.0
madagascar: escape  africa,MOVIE,Animation,831,135.0
made of honor,MOVIE,Comedy,832,96.0
madrasat al hob (T),SERIES/EPISODES,Drama,833,269.5
maggie,MOVIE,Drama,834,78.0
maggie's plan,MOVIE,Comedy,835,35.0
magic city (T),SERIES/EPISODES,Drama,836,212.5
maleficent,MOVIE,Action,837,83.0
mamlakit al jabal (T),SERIES/EPISODES,Drama,838,59.0
mamma mia,MOVIE,Comedy,839,88.5
man on fire,MOVIE,Action,840,55.5
marauders,MOVIE,Thriller,841,79.0
marcus level (T),SERIES/EPISODES,Animation,842,1474.5
margot at the wedding,MOVIE,Comedy,843,21.0
mark felt,MOVIE,Biography,844,73.5
marley & me,MOVIE,Comedy,845,52.0
marley and me: the puppy years,MOVIE,Comedy,846,26.0
marmaduke,MOVIE,Comedy,847,59.0
mars attacks!,MOVIE,Comedy,848,21.0
mars needs moms,MOVIE,Animation,849,65.0
marshall,MOVIE,Biography,850,65.0
martyrs,MOVIE,Action,851,73.5
master and commander: the far ide ...,MOVIE,Action,852,44.0
masters of horror (T),SERIES/EPISODES,Horror,853,1558.5
max : white house hero,MOVIE,Family,854,59.0
max payne,MOVIE,Action,855,34.0
maximum ride,MOVIE,Action,856,44.0
maze runner: the corch trials,MOVIE,Action,857,63.0
maze runner: the death cure,MOVIE,Action,858,67.0
mcfarland  usa,MOVIE,Drama,859,35.0
me  myself & irene,MOVIE,Comedy,860,68.0
me and my iblings (T),SERIES/EPISODES,Family,861,9449.5
me before you,MOVIE,Drama,862,108.0
mean girls,MOVIE,Comedy,863,79.0
mean machine,MOVIE,Comedy,864,19.5
mechanic: resurrection,MOVIE,Action,865,5384.5
meet dave,MOVIE,Adventure,866,36.0
meet the blacks,MOVIE,Comedy,867,77.0
meet the fockers,MOVIE,Comedy,868,31.0
meet the parents,MOVIE,Comedy,869,24.0
meet the partans,MOVIE,Comedy,870,28.0
megamind,MOVIE,Animation,871,143.0
melissa & joey (T),SERIES/EPISODES,Comedy,872,205.0
men at work (T),SERIES/EPISODES,Comedy,873,223.0
men in black,MOVIE,Action,874,179.0
men of honor,MOVIE,Biography,875,62.0
metro manila,MOVIE,Action,876,98.0
miami vice,MOVIE,Action,877,14.0
midnight pecial,MOVIE,Drama,878,52.0
mike and dave need wedding dates,MOVIE,Comedy,879,95.0
mike the knight (T),SERIES/EPISODES,Animation,880,1266.5
million dollar arm,MOVIE,Biography,881,39.0
milly molly (T),SERIES/EPISODES,Animation,882,3221.0
min qesas assaliheen (T),SERIES/EPISODES,Animation,883,754.0
minority report,MOVIE,Action,884,20.0
miracle,MOVIE,Drama,885,11.0
mirrors,MOVIE,Horror,886,81.0
miss conception/buy borrow teal,MOVIE,Comedy,887,40.0
miss congeniality,MOVIE,Comedy,888,91.5
miss julie,MOVIE,Drama,889,80.0
miss you already,MOVIE,Comedy,890,49.0
mission kathmandu,MOVIE,Animation,891,55.5
mission to mars,MOVIE,Action,892,45.0
mission: impossible,MOVIE,Action,893,47.0
mission: impossible ghost protocol,MOVIE,Action,894,39.0
mississippi grind,MOVIE,Drama,895,54.0
moana,MOVIE,Animation,896,102.0
molly monster,MOVIE,Animation,897,61.0
moms' night out,MOVIE,Comedy,898,941.0
moneyball,MOVIE,Drama,899,46.5
monika,MOVIE,Action,900,137.5
monster house,MOVIE,Animation,901,87.0
monster trucks,MOVIE,Action,902,81.0
monster-in-law,MOVIE,Comedy,903,103.5
monsters university,MOVIE,Animation,904,97.0
monsters vs. aliens,MOVIE,Animation,905,73.0
monsters: dark continent,MOVIE,Drama,906,73.0
monster’s ball,MOVIE,Drama,907,46.0
montana,MOVIE,Action,908,83.0
moon,MOVIE,Action,909,35.0
morgan,MOVIE,Horror,910,72.0
morning glory,MOVIE,Comedy,911,32.0
morning tar,MOVIE,Action,912,41.0
morris from america,MOVIE,Comedy,913,68.0
mortdecai,MOVIE,Action,914,112.0
mr robot (T),SERIES/EPISODES,Thriller,915,3719.0
mr. & mrs. mith,MOVIE,Action,916,40.0
mr. deeds,MOVIE,Comedy,917,44.0
mr. peabody & herman,MOVIE,Animation,918,113.0
mr. popper's penguins,MOVIE,Comedy,919,142.5
mrs. doubtfire,MOVIE,Comedy,920,22.5
ms peregrine's home for peculiar children,MOVIE,Drama,921,88.0
mulan,MOVIE,Animation,922,59.0
mumuhug (T),SERIES/EPISODES,Animation,923,752.0
muppets most wanted,MOVIE,Action,924,90.0
murder  he baked: a deadly recipe,MOVIE,Drama,925,69.0
murder by numbers,MOVIE,Crime,926,25.0
murder on the orient express,MOVIE,Drama,927,84.0
my arabic home (T),SERIES/EPISODES,"Family, Animation",928,116.5
my cousin rachel,MOVIE,Drama,929,69.0
my little pony: friendship is magic (T),SERIES/EPISODES,Animation,930,5632.5
my old lady,MOVIE,Comedy,931,50.0
my uper ex-girlfriend,MOVIE,Comedy,932,54.0
mystic river,MOVIE,Thriller,933,57.0
nacho libre,MOVIE,Comedy,934,53.0
naked gun  /3: the final insult,MOVIE,Comedy,935,52.0
nan and lili (T),SERIES/EPISODES,Animation,936,777.0
national ecurity,MOVIE,Action,937,3496.5
national treasure,MOVIE,Action,938,87.0
new year's eve,MOVIE,Comedy,939,62.0
newsies: the broadway musical,MOVIE,Family,940,26.0
night at the museum,MOVIE,"Adventure, Comedy",941,75.0
night at the museum ii,MOVIE,Comedy,942,75.0
night at the museum: ecret of the tomb,MOVIE,Comedy,943,36.0
nightcrawler,MOVIE,Thriller,944,85.0
nightmare on elm treet,MOVIE,Horror,945,76.0
nightmaster,MOVIE,Action,946,64.0
nights in rodanthe,MOVIE,Drama,947,52.0
nine,MOVIE,Drama,948,47.0
ninja assassin,MOVIE,Action,949,50.0
nitro circus: the movie,MOVIE,Action,950,106.0
no country for old men,MOVIE,Drama,951,48.0
no reservations,MOVIE,Comedy,952,120.0
no tell motel,MOVIE,Horror,953,104.5
no trings attached,MOVIE,Comedy,954,68.0
nomad the beginning,MOVIE,Action,955,54.0
norbit,MOVIE,Comedy,956,94.0
northern oul,MOVIE,Drama,957,63.0
northmen - a viking aga,MOVIE,Action,958,77.0
not forgotten,MOVIE,Thriller,959,48422.0
notorious,MOVIE,Biography,960,81.5
numb,MOVIE,Thriller,961,80.0
numberjacks (T),SERIES/EPISODES,Animation,962,2034.5
oblivion,MOVIE,Action,963,107.0
obsessed,MOVIE,Drama,964,52.0
ocean's eleven,MOVIE,Thriller,965,21.5
ocean's thirteen,MOVIE,Thriller,966,29.0
ocean's twelve,MOVIE,Thriller,967,21.5
oculus,MOVIE,Horror,968,150.0
office christmas party,MOVIE,Comedy,969,60.0
olamaa al moslemeen (T),SERIES/EPISODES,Animation,970,815.0
old chool,MOVIE,Comedy,971,29.5
oliver and company,MOVIE,Animation,972,85.0
omena rowehet el janna (T),SERIES/EPISODES,Drama,973,5623.5
once upon a time (T),SERIES/EPISODES,Drama,974,43.0
once upon a time in mexico,MOVIE,Action,975,116.0
one and two,MOVIE,Drama,976,51.0
one missed call,MOVIE,Horror,977,101.0
open eason,MOVIE,Animation,978,90.0
open grave,MOVIE,Thriller,979,59.5
open water,MOVIE,Biography,980,81.5
open windows,MOVIE,Action,981,63.0
oscar's oasis (T),SERIES/EPISODES,Animation,982,4110.0
oswald (T),SERIES/EPISODES,Animation,983,691.0
our cartoon president (T),SERIES/EPISODES,Animation,984,140.0
our family wedding,MOVIE,Comedy,985,93.0
our kind of traitor,MOVIE,Thriller,986,55.0
out of time,MOVIE,Thriller,987,96.0
outcast,MOVIE,Action,988,42.5
outcast (T),SERIES/EPISODES,Drama,989,752.5
over the hedge,MOVIE,Family,990,115.0
oz: the great and powerful,MOVIE,Action,991,72.0
p-51 dragon fighter,MOVIE,Action,992,35.5
pain and gain,MOVIE,Action,993,49.0
painkiller jane (T),SERIES/EPISODES,Action,994,231.0
panic room,MOVIE,Thriller,995,97.5
paper planes,MOVIE,Family,996,73.0
paper towns,MOVIE,Drama,997,79.5
paranormal activity,MOVIE,Horror,998,100.0
paranormal activity: the marked ones,MOVIE,Horror,999,62.0
paranorman,MOVIE,Animation,1000,1096.5
parental guidance,MOVIE,Comedy,1001,67.0
paris can wait,MOVIE,Comedy,1002,92.0
parker,MOVIE,Action,1003,5863.0
partisan,MOVIE,Thriller,1004,61.0
passengers,MOVIE,Drama,1005,86.0
patrick,MOVIE,Horror,1006,72.0
patriot games,MOVIE,Action,1007,68.0
paul blart: mall cop,MOVIE,Comedy,1008,93.0
paw patrol (T),SERIES/EPISODES,Animation,1009,17629.0
payback,MOVIE,Action,1010,30.0
paycheck,MOVIE,Action,1011,59.0
pearl harbor,MOVIE,Action,1012,76.0
pele: birth of a legend,MOVIE,Biography,1013,68.0
penguins of madagascar,MOVIE,Animation,1014,124.0
penny dreadful (T),SERIES/EPISODES,Thriller,1015,459.0
percy jackson: ea of monsters,MOVIE,Action,1016,36.0
percy jackson: the lightning thief,MOVIE,Action,1017,85.0
perfect isters,MOVIE,Drama,1018,107.0
pete's dragon,MOVIE,Adventure,1019,91.0
phantom halo,MOVIE,Thriller,1020,35.0
phantom punch,MOVIE,Drama,1021,40.0
philomena,MOVIE,Drama,1022,47.0
phoenix forgotten,MOVIE,Horror,1023,54.0
phone booth,MOVIE,Action,1024,37.5
piglet's big movie,MOVIE,Animation,1025,24.0
pineapple express,MOVIE,Action,1026,89.0
pingu (T),SERIES/EPISODES,Animation,1027,3502.0
pinky dinky doo (T),SERIES/EPISODES,Animation,1028,742.0
pinocchio,MOVIE,Animation,1029,68.0
piranha dd,MOVIE,Thriller,1030,183.5
pirates of the caribbean,MOVIE,Action,1031,128.0
pirates of the caribbean: dead man's ches,MOVIE,Action,1032,88.0
pirates of the caribbean: dead men tell...,MOVIE,Action,1033,89.0
pirates of the caribbean: the curse of…,MOVIE,Action,1034,73.0
pitch perfect,MOVIE,Comedy,1035,266.0
pixels,MOVIE,Comedy,1036,74.0
planes,MOVIE,Animation,1037,141.0
planes: fire and rescue,MOVIE,Animation,1038,97.5
planet of the apes,MOVIE,Action,1039,32.0
planet terror,MOVIE,Action,1040,33.0
plastic,MOVIE,Action,1041,66.0
please tand by,MOVIE,Drama,1042,84.0
pocahontas,MOVIE,Animation,1043,57.0
police tory,MOVIE,Action,1044,1015.0
poltergeist,MOVIE,Horror,1045,97.0
pompeii,MOVIE,Action,1046,168.0
postman pat: the movie,MOVIE,Animation,1047,85.0
pound of flesh,MOVIE,Action,1048,54.0
power (T),SERIES/EPISODES,Drama,1049,391.0
powers (T),SERIES/EPISODES,"Action, Sci-Fi",1050,86.0
predators,MOVIE,Action,1051,62.0
predestination,MOVIE,Sci-Fi,1052,58.0
premium rush,MOVIE,Action,1053,88.0
pressure,MOVIE,Thriller,1054,78.0
pretty woman,MOVIE,Comedy,1055,60.0
pride and glory,MOVIE,Drama,1056,19.5
pride and prejudice and zombies,MOVIE,Action,1057,75.5
primal fear,MOVIE,Drama,1058,20.0
prince of persia: the ands of time,MOVIE,Action,1059,85.0
project x,MOVIE,Comedy,1060,52.0
prom night,MOVIE,Horror,1061,64.0
prometheus,MOVIE,Action,1062,67.0
proof of life,MOVIE,Action,1063,51.5
public enemies,MOVIE,Biography,1064,162.0
puerto ricans in paris,MOVIE,Comedy,1065,80.0
puppy in my pocket (T),SERIES/EPISODES,Animation,1066,1330.0
puss in boots,MOVIE,Animation,1067,72.0
qabel lel kaser (T),SERIES/EPISODES,Drama,1068,362.5
quantico (T),SERIES/EPISODES,Drama,1069,1409.0
quarantine,MOVIE,Horror,1070,129.5
queen of the desert,MOVIE,Biography,1071,49.0
rabbit chool: guardians of the golden egg,MOVIE,Animation,1072,49.0
radio,MOVIE,Biography,1073,63.0
raiders of the lost ark,MOVIE,Action,1074,34.0
raising helen,MOVIE,Comedy,1075,30.0
rambler,MOVIE,Action,1076,68.5
ramona and beezus,MOVIE,Comedy,1077,93.0
rango,MOVIE,Animation,1078,117.0
ratatouille,MOVIE,Animation,1079,144.0
raven the little rascal - the big race,MOVIE,Animation,1080,44.0
ray,MOVIE,Biography,1081,32.0
ray donovan (T),SERIES/EPISODES,"Drama, Action",1082,123.5
raze,MOVIE,Action,1083,81.0
rebel in the rye,MOVIE,Biography,1084,53.0
recess: chool's out,MOVIE,Animation,1085,60.5
red dawn,MOVIE,Action,1086,114.0
red dragon,MOVIE,Thriller,1087,110.0
red eye,MOVIE,Action,1088,15.0
red riding hood,MOVIE,Horror,1089,30.0
reign of fire,MOVIE,Action,1090,56.0
remember the titans,MOVIE,Drama,1091,75.5
renaissance man,MOVIE,Comedy,1092,68.0
rendition,MOVIE,Drama,1093,37.0
resident evil: the final chapter,MOVIE,Action,1094,97.0
resident evil: vendetta,MOVIE,Animation,1095,46.0
return to never land,MOVIE,Animation,1096,56.0
rings,MOVIE,Horror,1097,100.0
rio,MOVIE,Animation,1098,113.0
rise of the guardians,MOVIE,Animation,1099,138.0
rise of the planet of the apes,MOVIE,Action,1100,104.0
road to paloma,MOVIE,Thriller,1101,69.0
road to perdition,MOVIE,Drama,1102,1809.0
road trip,MOVIE,Comedy,1103,48.0
roadkill,MOVIE,Action,1104,139.0
robin hood,MOVIE,Action,1105,402.0
robot and frank,MOVIE,Comedy,1106,103.0
robot overlords,MOVIE,Action,1107,53.0
robots,MOVIE,Animation,1108,76.0
rock of ages,MOVIE,Comedy,1109,11.5
rocknrolla,MOVIE,Action,1110,103.5
rogue,MOVIE,Action,1111,73.0
rogue one: a tar wars tory,MOVIE,Action,1112,66.5
rollerball,MOVIE,Action,1113,68.0
romeo must die,MOVIE,Action,1114,45.0
ronaldo,MOVIE,Documentary,1115,103.0
rosewater,MOVIE,Biography,1116,105.0
rubbadubbers (T),SERIES/EPISODES,Animation,1117,702.0
rugrats go wild,MOVIE,Animation,1118,21.0
rugrats in paris: the movie,MOVIE,Animation,1119,70.0
rumor has it,MOVIE,Comedy,1120,50.5
run all night,MOVIE,Action,1121,63.0
run for your wife,MOVIE,Comedy,1122,54.5
runaway jury,MOVIE,Drama,1123,13.0
runner runner,MOVIE,Thriller,1124,52.0
rush hour,MOVIE,Action,1125,62.0
russia's wild arctic,MOVIE,Documentary,1126,99.0
ruthless people,MOVIE,Comedy,1127,30.0
rv: runaway vacation,MOVIE,Family,1128,97.0
s.w.a.t.: under iege,MOVIE,Action,1129,76.0
saad wa khawateh (T),SERIES/EPISODES,Drama,1130,376.0
sabrina the animated eries (T),SERIES/EPISODES,Animation,1131,1378.0
sadeeqat al omor (T),SERIES/EPISODES,Drama,1132,6268.5
salt,MOVIE,Action,1133,1185.0
same kind of different as me,MOVIE,Drama,1134,54.0
saturday night fever,MOVIE,Drama,1135,77.0
savages,MOVIE,Thriller,1136,116.0
save the last dance,MOVIE,Drama,1137,53.0
save your legs!,MOVIE,Comedy,1138,56.0
saving mr. banks,MOVIE,Comedy,1139,22.5
saw,MOVIE,Thriller,1140,95.0
scandal (T),SERIES/EPISODES,Drama,1141,73.5
scarface,MOVIE,Crime,1142,61.0
scary movie,MOVIE,Comedy,1143,66.0
school for coundrels,MOVIE,Comedy,1144,39.0
scooby doo! haggy's howdown,MOVIE,Animation,1145,87.0
scooby-doo,MOVIE,Action,1146,58.0
scooby-doo! the wrestlemania mystery,MOVIE,Animation,1147,2085.0
scouts honor,MOVIE,Comedy,1148,33.0
se7en,MOVIE,Thriller,1149,21.0
sea of trees,MOVIE,Drama,1150,49.5
seabiscuit,MOVIE,Drama,1151,24.5
searching for ugar man,MOVIE,Documentary,1152,71.5
secret window,MOVIE,Thriller,1153,98.0
secretariat,MOVIE,Drama,1154,53.0
secrets of deception,MOVIE,Action,1155,54.0
seeking justice,MOVIE,Action,1156,113.0
sehhee wa aree (T),SERIES/EPISODES,Animation,1157,117.0
sejn annisaa (T),SERIES/EPISODES,Drama,1158,274.0
selfless,MOVIE,Thriller,1159,86.0
set fire to the tars,MOVIE,Drama,1160,15.5
seven pounds,MOVIE,Drama,1161,65.0
seventh on,MOVIE,Action,1162,120.5
shades of blue (T),SERIES/EPISODES,Drama,1163,530.0
shaft,MOVIE,Action,1164,33.0
shallow hal,MOVIE,Comedy,1165,67.0
shanghai knights,MOVIE,Action,1166,56.0
shanghai noon,MOVIE,Action,1167,52.0
shark night,MOVIE,Horror,1168,86.5
she's out of my league,MOVIE,Comedy,1169,24.0
sherlock holmes,MOVIE,Action,1170,25.5
shimmer and hine (T),SERIES/EPISODES,Animation,1171,5891.5
shoot 'em up,MOVIE,Action,1172,19.5
shooter,MOVIE,Action,1173,67.0
showtime,MOVIE,Action,1174,14.5
shrek,MOVIE,Animation,1175,61.0
shrek forever after,MOVIE,Animation,1176,68.0
shrek the third,MOVIE,Animation,1177,119.0
shutter,MOVIE,Horror,1178,78.0
shutter island,MOVIE,Thriller,1179,34.0
sicario,MOVIE,Action,1180,104.0
sideways,MOVIE,Comedy,1181,39.0
signs,MOVIE,Drama,1182,100.0
sinbad: legend of the even eas,MOVIE,Animation,1183,58.0
siret hob (T),SERIES/EPISODES,Drama,1184,43.5
sister act : back in the habit,MOVIE,Comedy,1185,49.0
six (T),SERIES/EPISODES,Action,1186,374.0
six days even nights,MOVIE,Action,1187,42.0
skunk fu (T),SERIES/EPISODES,Animation,1188,502.0
sky captain and the world of tomorrow,MOVIE,Action,1189,61.5
sleepless,MOVIE,Action,1190,81.0
sleepless in eattle,MOVIE,Drama,1191,15.0
sleight,MOVIE,Action,1192,78.0
slow west,MOVIE,Action,1193,71.5
slugterra (T),SERIES/EPISODES,Animation,1194,244.0
small time,MOVIE,Drama,1195,65.5
smilf (T),SERIES/EPISODES,Comedy,1196,210.0
smokin' aces : assassins' ball,MOVIE,Action,1197,152.0
smurfs: the lost village,MOVIE,Animation,1198,95.0
snatched,MOVIE,Comedy,1199,89.0
snow day,MOVIE,Comedy,1200,30.0
snow white and the even dwarfs,MOVIE,Animation,1201,46.0
snow white and the huntsman,MOVIE,Action,1202,134.0
snow white's new adventure,MOVIE,Animation,1203,75.0
snowden,MOVIE,Drama,1204,96.0
solace,MOVIE,Thriller,1205,84.5
some velvet morning,MOVIE,Drama,1206,78.0
sonic underground (T),SERIES/EPISODES,Animation,1207,1764.0
sons of anarchy (T),SERIES/EPISODES,Thriller,1208,662.0
sorority party massacre,MOVIE,Action,1209,74.0
soul men,MOVIE,Comedy,1210,60.0
southpaw,MOVIE,Drama,1211,87.5
space cowboys,MOVIE,Action,1212,55.0
special id,MOVIE,Action,1213,86.0
speed,MOVIE,Action,1214,61.0
speed racer,MOVIE,Action,1215,32.0
spider-man,MOVIE,Action,1216,84.0
spider-man: homecoming,MOVIE,Action,1217,100.0
spirit: tallion of the cimarron,MOVIE,Animation,1218,73.0
splash,MOVIE,Comedy,1219,28.0
spongebob quarants (T),SERIES/EPISODES,Animation,1220,18023.0
spotlight,MOVIE,Drama,1221,62.0
st. vincent,MOVIE,Comedy,1222,139.0
stag night,MOVIE,Thriller,1223,103.0
stakeout,MOVIE,Action,1224,38.0
stalingrad,MOVIE,Action,1225,106.0
stan lee's uperhumans (T),SERIES/EPISODES,Documentary,1226,121.0
star trek,MOVIE,Action,1227,30.5
star trek ii: the wrath of khan,MOVIE,Action,1228,19.0
star trek iii: the earch for pock,MOVIE,Action,1229,12.0
star trek into darkness,MOVIE,Action,1230,22.0
star trek iv: the voyage home,MOVIE,Action,1231,22.5
star trek v: the final frontier,MOVIE,Action,1232,11.0
star trek vi: the undiscovered country,MOVIE,Action,1233,10.0
star trek: first contact,MOVIE,Action,1234,12.0
star trek: generations,MOVIE,Action,1235,13.0
star trek: insurrection,MOVIE,Action,1236,14.0
star trek: nemesis,MOVIE,Action,1237,31.0
star trek: the motion picture,MOVIE,Action,1238,19.0
star wars: iv - a new hope,MOVIE,Action,1239,24.0
star wars: the last jedi,MOVIE,Action,1240,95.0
stardust,MOVIE,Family,1241,33.5
starship troopers: traitor of mars,MOVIE,Animation,1242,52.0
staying alive,MOVIE,Drama,1243,66.0
stealth,MOVIE,Action,1244,74.0
step brothers,MOVIE,Comedy,1245,107.0
storage,MOVIE,Horror,1246,102.0
storks,MOVIE,Animation,1247,53.0
strangerland,MOVIE,Thriller,1248,55.0
street dance all tars,MOVIE,Comedy,1249,64.0
stuart little,MOVIE,Animation,1250,144.0
sucker punch,MOVIE,Action,1251,59.5
suicide quad,MOVIE,Action,1252,96.0
suicide quad: hell to pay,MOVIE,Animation,1253,24.0
sully,MOVIE,Biography,1254,78.0
super,MOVIE,Thriller,1255,84.0
superbad,MOVIE,Comedy,1256,101.5
supergirl (T),SERIES/EPISODES,Action,1257,2606.0
superman iii,MOVIE,Action,1258,262.0
superman iv: the quest for peace,MOVIE,Action,1259,31.0
superman returns,MOVIE,Action,1260,73.0
surf's up,MOVIE,Animation,1261,244.0
surf's up : wavemania,MOVIE,"Animation, Comedy",1262,84.0
surfer  dude,MOVIE,Comedy,1263,78.0
survivor's remorse (T),SERIES/EPISODES,Comedy,1264,70.0
svengali,MOVIE,Comedy,1265,61.5
swallows and amazons,MOVIE,Family,1266,77.0
swedish d***s (T),SERIES/EPISODES,Comedy,1267,144.5
sweet home alabama,MOVIE,Comedy,1268,53.0
swiss army man,MOVIE,Drama,1269,89.0
sword of vengeance,MOVIE,Action,1270,77.0
swordfish,MOVIE,Action,1271,45.0
synchronicity,MOVIE,Thriller,1272,72.0
synecdoche  new york,MOVIE,Drama,1273,39.0
syriana,MOVIE,Thriller,1274,81.5
t2 trainspotting,MOVIE,Drama,1275,47.0
table,MOVIE,Comedy,1276,86.0
taboo (T),SERIES/EPISODES,Drama,1277,296.0
tad the lost explorer,MOVIE,Animation,1278,82.0
takers,MOVIE,Action,1279,47.0
takht harqi   (T),SERIES/EPISODES,Drama,1280,8.0
tale of tales,MOVIE,Thriller,1281,46.0
talladega nights: ballad of ricky bobby,MOVIE,Comedy,1282,72.0
tambola,MOVIE,Comedy,1283,60.0
tammy,MOVIE,Comedy,1284,81.5
tangled,MOVIE,Animation,1285,112.0
tareeki (T),SERIES/EPISODES,Drama,1286,86.0
tarzan,MOVIE,Animation,1287,102.0
tawq anajat (T),SERIES/EPISODES,Drama,1288,682.0
taxi,MOVIE,Action,1289,100.0
taymour (T),SERIES/EPISODES,Family,1290,5537.0
tears of the un,MOVIE,Action,1291,113.0
teddy bear,MOVIE,Animation,1292,68.0
teen wolf (T),SERIES/EPISODES,Action,1293,510.0
teenage mutant ninja turtles,MOVIE,Action,1294,97.0
teenage mutant ninja turtles (T),SERIES/EPISODES,Animation,1295,2433.0
teletubbies (T),SERIES/EPISODES,Animation,1296,4750.0
tell,MOVIE,Action,1297,111.0
terminator: genisys,MOVIE,Action,1298,89.0
testament of youth,MOVIE,Drama,1299,53.5
that's my boy,MOVIE,Comedy,1300,61.0
the -year-old man who climbed out,MOVIE,Adventure,1301,92.0
the a-team,MOVIE,Action,1302,68.5
the accountant,MOVIE,Action,1303,91.0
the accused,MOVIE,Drama,1304,65.0
the addams family,MOVIE,Comedy,1305,51.0
the adventures of petey and friends,MOVIE,Animation,1306,66.0
the adventures of tintin,MOVIE,Animation,1307,51.0
the affair (T),SERIES/EPISODES,"Romance, Drama",1308,228.0
the alamo,MOVIE,Drama,1309,51.0
the amazing pider-man,MOVIE,Action,1310,2500.0
the american,MOVIE,Drama,1311,73.0
the american ide,MOVIE,Drama,1312,33.0
the americans (T),SERIES/EPISODES,Drama,1313,559.5
the answer man,MOVIE,Comedy,1314,87.0
the ant bully,MOVIE,Animation,1315,38.0
the anta clause,MOVIE,Comedy,1316,38.0
the anta clause : the escape claus,MOVIE,Comedy,1317,44.5
the armstrong lie,MOVIE,Documentary,1318,29.0
the babadook,MOVIE,Horror,1319,77.0
the best exotic marigold hotel,MOVIE,Drama,1320,37.5
the bfg,MOVIE,Family,1321,120.0
the big c (T),SERIES/EPISODES,Comedy,1322,11039.5
the big hort,MOVIE,Drama,1323,51.0
the big year,MOVIE,Comedy,1324,42.5
the birth of a nation,MOVIE,Biography,1325,100.0
the black dahlia,MOVIE,Thriller,1326,66.0
the black envelope (T),SERIES/EPISODES,Drama,1327,82.0
the blind ide,MOVIE,Drama,1328,36.0
the borderlands,MOVIE,Horror,1329,73.0
the boss baby,MOVIE,Animation,1330,182.0
the box,MOVIE,Horror,1331,97.0
the boxtrolls,MOVIE,Animation,1332,150.5
the boy next door,MOVIE,Thriller,1333,226.0
the brave one,MOVIE,Thriller,1334,64.0
the bucket list,MOVIE,Drama,1335,28.0
the cable guy,MOVIE,Comedy,1336,91.0
the cell,MOVIE,Horror,1337,58.0
the chair (T),SERIES/EPISODES,Documentary,1338,33.0
the childhood of a leader,MOVIE,Drama,1339,65.0
the chool of rock,MOVIE,Comedy,1340,90.0
the chronicles of narnia: part,MOVIE,Family,1341,87.0
the chronicles of narnia: prince caspian,MOVIE,Family,1342,6387.0
the chronicles of riddick,MOVIE,Action,1343,39.0
the circle,MOVIE,Thriller,1344,38.0
the combination,MOVIE,Action,1345,67.0
the corpion king : rise of a warrior,MOVIE,Action,1346,123.5
the counselor,MOVIE,Drama,1347,54.0
the croods,MOVIE,Animation,1348,127.0
the curious case of benjamin button,MOVIE,Drama,1349,109.0
the curse of the were-rabbit,MOVIE,Animation,1350,84.5
the da vinci code,MOVIE,Thriller,1351,111.5
the dark tower,MOVIE,Action,1352,104.0
the darkest hour,MOVIE,Action,1353,50.0
the daughter,MOVIE,Thriller,1354,69.0
the day after tomorrow,MOVIE,Action,1355,68.0
the day the earth tood till,MOVIE,Drama,1356,72.0
the dead : india,MOVIE,Horror,1357,71.0
the departed,MOVIE,Thriller,1358,59.0
the descendants,MOVIE,Drama,1359,43.0
the devil inside,MOVIE,Horror,1360,132.0
the devil wears prada,MOVIE,Comedy,1361,52.0
the devil's candy,MOVIE,Horror,1362,91.0
the devil's hand,MOVIE,Thriller,1363,94.0
the devil's violinist,MOVIE,Drama,1364,63.0
the dinner,MOVIE,Drama,1365,63.0
the disaster artist,MOVIE,Biography,1366,25.5
the distinguished gentleman,MOVIE,Comedy,1367,48.0
the door,MOVIE,Drama,1368,59.0
the double,MOVIE,Drama,1369,45.0
the dressmaker,MOVIE,Drama,1370,59.0
the drop,MOVIE,Drama,1371,41.5
the dukes of hazzard,MOVIE,Action,1372,36.5
the eagle,MOVIE,Drama,1373,193.0
the earch,MOVIE,Drama,1374,93.5
the econd best exotic marigold hotel,MOVIE,Drama,1375,22.0
the ecret life of walter mitty,MOVIE,Comedy,1376,60.0
the elfish giant,MOVIE,Drama,1377,24.0
the emperor's new groove,MOVIE,Animation,1378,57.0
the ense of an ending,MOVIE,Drama,1379,60.0
the entinel,MOVIE,Drama,1380,92.0
the equalizer,MOVIE,Action,1381,94.0
the exception,MOVIE,Drama,1382,64.0
the exorcism of emily rose,MOVIE,Horror,1383,56.0
the expendables,MOVIE,Action,1384,3571.0
the face of an angel,MOVIE,Drama,1385,34.0
the family man,MOVIE,Comedy,1386,74.0
the fault in our tars,MOVIE,Drama,1387,114.0
the fifth estate,MOVIE,Drama,1388,90.0
the final destination,MOVIE,Horror,1389,55.0
the finest hours,MOVIE,Action,1390,83.0
the firm,MOVIE,Drama,1391,39.0
the first wives club,MOVIE,Comedy,1392,30.5
the flash (T),SERIES/EPISODES,Action,1393,4966.0
the flowers of war,MOVIE,Drama,1394,23.5
the founder,MOVIE,Biography,1395,69.0
the fugitive,MOVIE,Action,1396,50.0
the game of their lives,MOVIE,Drama,1397,16.0
the games maker,MOVIE,Family,1398,86.0
the general's daughter,MOVIE,Drama,1399,13.0
the girl,MOVIE,Drama,1400,87.0
the girl on the train,MOVIE,Drama,1401,110.0
the girl with the dragon tattoo,MOVIE,Thriller,1402,42.0
the giver,MOVIE,Drama,1403,78.5
the godfather,MOVIE,Drama,1404,59.0
the golden compass,MOVIE,Action,1405,38.0
the good german,MOVIE,Thriller,1406,46.0
the grand budapest hotel,MOVIE,Comedy,1407,46.0
the great beauty,MOVIE,Drama,1408,41.0
the greatest,MOVIE,Drama,1409,70.0
the greatest game ever played,MOVIE,Drama,1410,16.0
the greatest howman,MOVIE,Biography,1411,85.0
the green hornet,MOVIE,Comedy,1412,35.0
the grey,MOVIE,Thriller,1413,527.5
the guardian,MOVIE,Action,1414,54.0
the guest,MOVIE,Thriller,1415,54.0
the gunman,MOVIE,Action,1416,85.0
the haggy dog,MOVIE,Comedy,1417,61.0
the hangover part ii,MOVIE,Comedy,1418,42.0
the hannara chronicles (T),SERIES/EPISODES,Sci-Fi,1419,354.0
the hape of water,MOVIE,Drama,1420,94.0
the happening,MOVIE,Drama,1421,120.5
the haunting,MOVIE,Horror,1422,78.5
the heartbreak kid,MOVIE,Comedy,1423,68.0
the heat,MOVIE,Comedy,1424,95.0
the hitchhiker's guide to the galaxy,MOVIE,Action,1425,31.0
the hobbit: the desolation of maug,MOVIE,Action,1426,445.0
the holiday,MOVIE,Comedy,1427,135.0
the host,MOVIE,Horror,1428,104.5
the house,MOVIE,Comedy,1429,89.0
the house bunny,MOVIE,Comedy,1430,124.0
the house on pine treet,MOVIE,Horror,1431,79.0
the howling reborn,MOVIE,Horror,1432,103.0
the hundred-foot journey,MOVIE,Comedy,1433,244.0
the hunger games: mockingjay - part,MOVIE,Action,1434,176.0
the hunt for red october,MOVIE,Action,1435,56.0
the hunted,MOVIE,Thriller,1436,61.0
the hunter's prayer,MOVIE,Action,1437,94.0
the ignal,MOVIE,Thriller,1438,75.5
the ilent torm,MOVIE,Drama,1439,81.0
the impsons movie,MOVIE,Animation,1440,83.0
the inbetweeners,MOVIE,Comedy,1441,36.0
the incredible tory of tone boy,MOVIE,Animation,1442,53.0
the incredibles,MOVIE,Comedy,1443,79.0
the informant!,MOVIE,Drama,1444,22.5
the international,MOVIE,Action,1445,63.0
the internship,MOVIE,Comedy,1446,95.0
the intervention,MOVIE,Comedy,1447,66.0
the invasion,MOVIE,Thriller,1448,64.0
the island,MOVIE,Action,1449,28.0
the italian job,MOVIE,Action,1450,28.0
the itter,MOVIE,Comedy,1451,86.0
the ixth ense,MOVIE,Drama,1452,1832.0
the jetsons & wwe: robo-wrestlemania!,MOVIE,Animation,1453,102.0
the joneses,MOVIE,Comedy,1454,59.0
the jungle book,MOVIE,Drama,1455,90.0
the karate kid,MOVIE,Action,1456,55.0
the keeper: legend of omar khayyam,MOVIE,Drama,1457,21.5
the keptic,MOVIE,Horror,1458,57.0
the killer peaks (T),SERIES/EPISODES,Documentary,1459,55.0
the ladykillers,MOVIE,Comedy,1460,55.0
the last airbender,MOVIE,Action,1461,81.0
the last king of cotland,MOVIE,Biography,1462,27.5
the last ong,MOVIE,Drama,1463,49.0
the league of extraordinary gentlemen,MOVIE,Action,1464,24.0
the legend of tarzan,MOVIE,Action,1465,94.0
the legend of zorro,MOVIE,Action,1466,107.0
the lego batman movie,MOVIE,Animation,1467,93.0
the lego movie,MOVIE,Animation,1468,411.5
the light between oceans,MOVIE,Drama,1469,96.0
the little vampire,MOVIE,Animation,1470,79.0
the lobster,MOVIE,Comedy,1471,43.0
the lone ranger,MOVIE,Action,1472,78.5
the longest ride,MOVIE,Drama,1473,69.0
the longest yard,MOVIE,Comedy,1474,87.0
the lookalike,MOVIE,Drama,1475,64.0
the lord of the rings part,MOVIE,Action,1476,56.0
the love guru,MOVIE,Comedy,1477,87.5
the lovely bones,MOVIE,Drama,1478,76.0
the lovers,MOVIE,Comedy,1479,46.0
the lucky one,MOVIE,Drama,1480,53.5
the maid's room,MOVIE,Thriller,1481,77.0
the making of the mob: chicago (T),SERIES/EPISODES,Documentary,1482,100.5
the making of the mob: new york (T),SERIES/EPISODES,Documentary,1483,85.0
the man with the iron fists,MOVIE,Action,1484,289.0
the man with the iron heart,MOVIE,Action,1485,91.0
the manchurian candidate,MOVIE,Drama,1486,55.0
the marine,MOVIE,Action,1487,37.0
the marine : battleground,MOVIE,Action,1488,30.0
the marine : homefront,MOVIE,Action,1489,34.0
the marine : moving target,MOVIE,Action,1490,27.0
the martian,MOVIE,Drama,1491,109.0
the mask,MOVIE,Comedy,1492,64.0
the mask of zorro,MOVIE,Action,1493,80.5
the matrix,MOVIE,Action,1494,39.0
the matrix reloaded,MOVIE,Action,1495,33.0
the matrix revolution,MOVIE,Action,1496,14.5
the maze runner,MOVIE,Action,1497,132.0
the mermaid princess,MOVIE,Animation,1498,76.0
the messenger,MOVIE,Drama,1499,41.0
the mexican,MOVIE,Comedy,1500,28.0
the monster,MOVIE,Horror,1501,74.0
the monuments men,MOVIE,Drama,1502,46.0
the motel life,MOVIE,Drama,1503,28.5
the muppet christmas carol,MOVIE,Family,1504,27.0
the muppet movie,MOVIE,Family,1505,13.5
the muppets,MOVIE,Family,1506,52.5
the murfs,MOVIE,Animation,1507,825.0
the naked gun ½: the mell of fear,MOVIE,Comedy,1508,68.0
the naked gun: from the files of police q,MOVIE,Comedy,1509,59.0
the nanny diaries,MOVIE,Comedy,1510,118.0
the negotiator,MOVIE,Action,1511,3.5
the neighbor,MOVIE,Horror,1512,82.0
the nice guys,MOVIE,Action,1513,88.5
the notebook,MOVIE,Drama,1514,26.0
the november man,MOVIE,Action,1515,3898.0
the number,MOVIE,Thriller,1516,55.0
the nut job : nutty by nature,MOVIE,Animation,1517,100.0
the ocial network,MOVIE,Drama,1518,74.0
the odd life of timothy green,MOVIE,Comedy,1519,77.0
the omen,MOVIE,Horror,1520,76.0
the one i love,MOVIE,Drama,1521,85.0
the ones below,MOVIE,Thriller,1522,74.0
the orcerer's apprentice,MOVIE,Action,1523,41.5
the orphan,MOVIE,Thriller,1524,103.0
the other guys,MOVIE,Comedy,1525,474.0
the pacifier,MOVIE,Comedy,1526,101.0
the patriot,MOVIE,Action,1527,93.0
the penguins of madagascar (T),SERIES/EPISODES,Animation,1528,2773.0
the perfect torm,MOVIE,Action,1529,29.0
the piderwick chronicles,MOVIE,Action,1530,60.0
the pirates! band of misfits,MOVIE,Animation,1531,49.5
the polar express,MOVIE,Animation,1532,94.0
the pongebob movie: ponge out of water,MOVIE,Animation,1533,99.0
the pongebob quarepants movie,MOVIE,Animation,1534,138.0
the possession experiment,MOVIE,Horror,1535,72.0
the prestige,MOVIE,Thriller,1536,15.0
the princess and the frog,MOVIE,Animation,1537,134.5
the princess diaries,MOVIE,Comedy,1538,76.0
the princess diaries : royal engagement,MOVIE,Comedy,1539,115.0
the pursuit of happyness,MOVIE,Biography,1540,83.0
the quiet ones,MOVIE,Horror,1541,85.0
the raid,MOVIE,Action,1542,63.0
the raid: redemption,MOVIE,Action,1543,102.0
the raven,MOVIE,Thriller,1544,84.0
the reaping,MOVIE,Horror,1545,68.0
the recruit,MOVIE,Drama,1546,62.0
the revenant,MOVIE,Action,1547,87.0
the rewrite,MOVIE,Comedy,1548,85.0
the ring,MOVIE,Horror,1549,79.0
the rite,MOVIE,Horror,1550,50.5
the road to el dorado,MOVIE,Animation,1551,84.0
the rocketeer,MOVIE,Action,1552,47.0
the rugrats movie,MOVIE,Animation,1553,72.0
the running man,MOVIE,Action,1554,42.0
the taking of pelham,MOVIE,Action,1555,26.0
the tale of princess kaguya,MOVIE,Animation,1556,106.0
the tepford wives,MOVIE,Comedy,1557,32.5
the terminal,MOVIE,Comedy,1558,47.0
the three tooges,MOVIE,Comedy,1559,75.5
the thundermans (T),SERIES/EPISODES,Comedy,1560,2440.5
the tigger movie,MOVIE,Animation,1561,51.0
the tone council,MOVIE,Drama,1562,66.5
the town,MOVIE,Action,1563,58.5
the train (T),SERIES/EPISODES,Horror,1564,2451.0
the transporter,MOVIE,Action,1565,39.0
the trial,MOVIE,Thriller,1566,43.0
the trip to italy,MOVIE,Comedy,1567,46.0
the tudors (T),SERIES/EPISODES,Drama,1568,441.0
the tunnel   (T),SERIES/EPISODES,Drama,1569,320.0
the tuxedo,MOVIE,Action,1570,38.0
the ugly truth,MOVIE,Comedy,1571,51.0
the uicide hop,MOVIE,Animation,1572,61.5
the um of all fears,MOVIE,Action,1573,31.0
the uninvited,MOVIE,Horror,1574,97.0
the untouchables,MOVIE,Action,1575,35.5
the village,MOVIE,Thriller,1576,86.0
the void,MOVIE,Horror,1577,56.0
the wait,MOVIE,Drama,1578,60.5
the walking dead (T),SERIES/EPISODES,Horror,1579,966.5
the ward,MOVIE,Action,1580,93.0
the way way back,MOVIE,Comedy,1581,62.0
the weather man,MOVIE,Comedy,1582,50.0
the whisperers,MOVIE,Thriller,1583,27.0
the white princess (T),SERIES/EPISODES,Drama,1584,93.0
the white queen (T),SERIES/EPISODES,Drama,1585,1005.0
the whole wide world,MOVIE,Drama,1586,52.5
the wild,MOVIE,Animation,1587,48.0
the wild thornberrys movie,MOVIE,Action,1588,21.0
the windmill massacre,MOVIE,Horror,1589,95.0
the wolverine,MOVIE,Action,1590,79.0
the woman in black: angel of death,MOVIE,Horror,1591,98.0
the woman in the fifth,MOVIE,Thriller,1592,42.0
the world wars (T),SERIES/EPISODES,Documentary,1593,97.0
the x files,MOVIE,Drama,1594,29.0
the x files: i want to believe,MOVIE,Drama,1595,41.0
their finest,MOVIE,Comedy,1596,41.0
there's omething about mary,MOVIE,Comedy,1597,70.0
things we lost in the fire,MOVIE,Drama,1598,12.0
think like a man,MOVIE,Comedy,1599,150.5
third tar,MOVIE,Drama,1600,39.0
this is it,MOVIE,Documentary,1601,46.0
this is the end,MOVIE,Comedy,1602,77.0
this is where i leave you,MOVIE,Comedy,1603,41.0
this means war,MOVIE,Comedy,1604,81.5
thomas and friends   (T),SERIES/EPISODES,Animation,1605,349.5
thomas and friends (T),SERIES/EPISODES,Animation,1606,662.0
thor: ragnarok,MOVIE,Action,1607,91.0
three billboards outside ebbing  missouri,MOVIE,Drama,1608,61.0
thurayya (T),SERIES/EPISODES,Drama,1609,148.0
tigerland,MOVIE,Drama,1610,81.0
tijan annour (T),SERIES/EPISODES,Family,1611,83.0
tim burton's corpse bride,MOVIE,Animation,1612,63.0
timeline,MOVIE,Action,1613,35.0
timer,MOVIE,Comedy,1614,108.0
titanic,MOVIE,Drama,1615,93.0
tom & jerry: willy wonka and the chocolate,MOVIE,Animation,1616,75.0
tom and jerry: anta's little helpers,MOVIE,Animation,1617,1262.0
tom and jerry: the lost dragon,MOVIE,Animation,1618,2942.0
tom awyer & huckleberry finn,MOVIE,Action,1619,37.0
tom little and the magic mirror,MOVIE,Animation,1620,75.0
tombstone,MOVIE,Action,1621,58.0
tomorrowland,MOVIE,Action,1622,85.0
top five,MOVIE,Comedy,1623,27.0
top gear (T),SERIES/EPISODES,Action,1624,694.0
top gun,MOVIE,Action,1625,80.5
top tables top cities (T),SERIES/EPISODES,Documentary,1626,50.0
total recall,MOVIE,Action,1627,320.0
toy tory,MOVIE,Animation,1628,149.0
toytoons (T),SERIES/EPISODES,Animation,1629,157.0
tracers,MOVIE,Action,1630,103.5
trading places,MOVIE,Comedy,1631,86.0
transcendence,MOVIE,Drama,1632,100.0
transfiguration,MOVIE,Horror,1633,66.5
transformers,MOVIE,Action,1634,92.0
transformers: age of extinction,MOVIE,Action,1635,128.0
transformers: dark of the moon,MOVIE,Action,1636,136.0
transformers: revenge of the fallen,MOVIE,Action,1637,113.0
transporter,MOVIE,Action,1638,38.0
treasure planet,MOVIE,Animation,1639,48.0
trespass against us,MOVIE,Action,1640,68.0
triple nine,MOVIE,Thriller,1641,70.0
trolls,MOVIE,Animation,1642,127.0
tron: legacy,MOVIE,Action,1643,75.0
tropic thunder,MOVIE,Action,1644,17.0
troy,MOVIE,Action,1645,63.0
true grit,MOVIE,Action,1646,29.5
true lies,MOVIE,Action,1647,61.0
tulip fever,MOVIE,Drama,1648,72.0
turbo,MOVIE,Animation,1649,142.0
turner and hooch,MOVIE,Comedy,1650,57.0
twelve monkeys,MOVIE,Thriller,1651,87.0
twin peaks (T),SERIES/EPISODES,Drama,1652,53.0
two for the money,MOVIE,Drama,1653,86.0
two lovers and a bear,MOVIE,Drama,1654,72.0
tyrant (T),SERIES/EPISODES,Action,1655,71.0
u.s. marshals,MOVIE,Action,1656,54.5
ultimate airport dubai (T),SERIES/EPISODES,Documentary,1657,224.0
ultraviolet,MOVIE,Action,1658,139.0
unbreakable,MOVIE,Drama,1659,102.0
unbroken,MOVIE,Drama,1660,218.0
unconscious,MOVIE,Drama,1661,83.0
under iege,MOVIE,Action,1662,71.5
under iege : dark territory,MOVIE,Action,1663,93.0
underdog,MOVIE,Action,1664,44.0
underground,MOVIE,Horror,1665,77.0
underworld: awakening,MOVIE,Action,1666,101.0
underworld: blood wars,MOVIE,Action,1667,70.5
underworld: rise of the lycans,MOVIE,Action,1668,24.0
unfaithful,MOVIE,Drama,1669,56.0
unfinished business,MOVIE,Comedy,1670,70.0
unforgettable,MOVIE,Drama,1671,95.0
unforgettable (T),SERIES/EPISODES,Drama,1672,2202.0
unfriended,MOVIE,Drama,1673,161.0
unlocked,MOVIE,Action,1674,99.0
unstoppable,MOVIE,Action,1675,47.0
unthinkable,MOVIE,Thriller,1676,86.0
up,MOVIE,Animation,1677,89.0
up in the air,MOVIE,Drama,1678,61.0
urban cowboy,MOVIE,Drama,1679,68.0
vacation,MOVIE,Comedy,1680,73.0
vampires uck,MOVIE,Comedy,1681,54.0
vanilla ky,MOVIE,Drama,1682,47.0
vantage point,MOVIE,Action,1683,46.0
vice,MOVIE,Action,1684,95.0
victor frankenstein,MOVIE,Drama,1685,52.0
vigilante diaries,MOVIE,Action,1686,77.0
vikings (T),SERIES/EPISODES,Action,1687,1742.5
vipers,MOVIE,Horror,1688,422.5
viva atata (T),SERIES/EPISODES,Comedy,1689,761.0
waking madison,MOVIE,Drama,1690,48.0
walk of fame,MOVIE,Comedy,1691,35.0
walking with dinosaurs,MOVIE,Animation,1692,111.0
wall e,MOVIE,Animation,1693,71.0
wannous (T),SERIES/EPISODES,Drama,1694,2577.0
war dogs,MOVIE,Comedy,1695,98.0
war for the planet of the apes,MOVIE,Action,1696,96.0
war of the worlds,MOVIE,Action,1697,66.0
ward jouri (T),SERIES/EPISODES,Drama,1698,37.0
watchmen,MOVIE,Action,1699,47.5
water for elephants,MOVIE,Drama,1700,70.0
wayne's world,MOVIE,Comedy,1701,41.0
wayward pines (T),SERIES/EPISODES,Thriller,1702,442.0
we are marshall,MOVIE,Drama,1703,18.5
we bought a zoo,MOVIE,Drama,1704,74.0
we need to talk about kevin,MOVIE,Thriller,1705,73.0
weeds (T),SERIES/EPISODES,Comedy,1706,310.5
welada min al khasira   (T),SERIES/EPISODES,Drama,1707,11.0
what about bob?,MOVIE,Comedy,1708,26.5
what happened last night,MOVIE,Comedy,1709,51.0
what happens in vegas,MOVIE,Comedy,1710,91.0
what lies beneath,MOVIE,Horror,1711,67.0
what's your number?,MOVIE,Comedy,1712,37.0
when a tranger calls,MOVIE,Horror,1713,89.0
when in rome,MOVIE,Comedy,1714,57.0
when marnie was there,MOVIE,Animation,1715,89.0
when the bough breaks,MOVIE,Drama,1716,51.0
where to invade next,MOVIE,Documentary,1717,39.0
while we’re young,MOVIE,Comedy,1718,87.0
while you were leeping,MOVIE,Comedy,1719,44.0
whiplash,MOVIE,Drama,1720,38.0
white chicks,MOVIE,Comedy,1721,2418.0
white house down,MOVIE,Action,1722,53.0
white men can't jump,MOVIE,Comedy,1723,35.0
whitewash,MOVIE,Thriller,1724,82.0
why did i get married too?,MOVIE,Comedy,1725,64.0
why him,MOVIE,Comedy,1726,94.0
wild animal baby explorers (T),SERIES/EPISODES,Animation,1727,644.0
wild wild west,MOVIE,Action,1728,16.0
wilson,MOVIE,Comedy,1729,84.0
winston churchill: walking with destiny,MOVIE,Documentary,1730,86.0
winter's tale,MOVIE,Drama,1731,109.0
without a paddle,MOVIE,Comedy,1732,21.0
witness,MOVIE,Crime,1733,61.0
wolf totem,MOVIE,Action,1734,61.0
wolverine and the x men (T),SERIES/EPISODES,Animation,1735,82.0
wolves at the door,MOVIE,Horror,1736,4390.0
woman in gold,MOVIE,Drama,1737,71.0
wonder woman: commemorative edition,MOVIE,Animation,1738,21.5
world trade centre,MOVIE,Action,1739,71.0
world war z,MOVIE,Action,1740,101.0
world's best chefs (T),SERIES/EPISODES,Documentary,1741,1283.5
wrath of the titans,MOVIE,Action,1742,64.5
wreck-it ralph,MOVIE,Animation,1743,94.0
wrecked,MOVIE,Drama,1744,103.0
wrong turn at tahoe,MOVIE,Action,1745,44.0
ww1: the first modern war (T),SERIES/EPISODES,Documentary,1746,94.5
wwe royal rumble,MOVIE,Wrestling,1747,35.0
x + y,MOVIE,Drama,1748,39.0
x-men,MOVIE,Action,1749,51.0
x-men origins: wolverine,MOVIE,Action,1750,86.0
x-men: apocalypse,MOVIE,Action,1751,91.0
x-men: first class,MOVIE,Action,1752,85.0
x-men: the last tand,MOVIE,Action,1753,74.5
x2: x-men united,MOVIE,Action,1754,74.0
xiii: the eries (T),SERIES/EPISODES,Action,1755,3856.0
xxx,MOVIE,Action,1756,63.0
xxx: return of xander cage,MOVIE,Action,1757,69.5
xxx: tate of the union,MOVIE,Action,1758,92.0
ya reit (T),SERIES/EPISODES,Drama,1759,1150.0
yamal asham   (T),SERIES/EPISODES,Drama,1760,41.0
yes man,MOVIE,Comedy,1761,72.0
yo gabba gabba! (T),SERIES/EPISODES,Family,1762,1409.5
yogi bear,MOVIE,Animation,1763,65.0
you got erved,MOVIE,Comedy,1764,110.5
you're next,MOVIE,Horror,1765,116.0
youm maloosh lazma,MOVIE,Comedy,1766,59.0
young adult,MOVIE,Drama,1767,72.0
youth in revolt,MOVIE,Comedy,1768,115.0
zakera mn waraq (T),SERIES/EPISODES,Drama,1769,130.5
zay al ward   (T),SERIES/EPISODES,Drama,1770,6.0
zero dark thirty,MOVIE,Drama,1771,113.0
zodiac,MOVIE,Drama,1772,63.0
zombieland,MOVIE,Comedy,1773,118.0
zoo (T),SERIES/EPISODES,Action,1774,795.0
zoolander,MOVIE,Comedy,1775,28.0
